year,country,per_capita_electricity,electricity_generation,biofuel_electricity,coal_electricity,fossil_electricity,gas_electricity,hydro_electricity,nuclear_electricity,oil_electricity,other_renewable_electricity,other_renewable_exc_biofuel_electricity,renewables_electricity,solar_electricity,wind_electricity,energy_per_gdp,energy_per_capita
1984,Argentina,3522.337,0.342,0.0,0.0,0.327,0.0,0.0,0.0,0.327,0.0,0.0,0.015,0.015,0.0,1.179,15938.008
1985,Argentina,1499.329,45.304,0.0,0.607,18.777,12.464,20.646,5.766,5.706,0.103,0.0,20.749,0.0,0.0,1.223,15304.957
1986,Argentina,1596.866,49.022,0.0,1.013,22.178,13.271,21.009,5.711,7.894,0.107,0.0,21.116,0.0,0.0,1.254,16627.654
1987,Argentina,1671.219,52.115,0.0,1.016,23.652,12.558,21.841,6.465,10.078,0.108,0.0,21.949,0.0,0.0,1.27,17107.846
1988,Argentina,1657.757,52.5,0.0,1.586,30.776,20.555,15.033,5.798,8.635,0.121,0.0,15.154,0.0,0.0,1.306,17071.643
1989,Argentina,1582.145,50.863,0.0,0.865,32.376,24.307,12.965,5.039,7.204,0.119,0.0,13.084,0.0,0.0,1.33,16131.472
1990,Argentina,1563.656,51.005,0.0,0.66,25.451,19.847,17.876,7.281,4.944,0.107,0.0,17.983,0.0,0.0,1.309,15733.376
1991,Argentina,1628.05,53.854,0.0,0.926,29.567,21.022,16.221,7.756,7.619,0.1,0.0,16.321,0.0,0.0,1.191,15692.576
1992,Argentina,1673.39,56.107,0.0,0.834,28.916,20.421,19.779,7.081,7.661,0.102,0.0,19.881,0.0,0.0,1.156,16653.143
1993,Argentina,1821.277,61.869,0.0,1.18,30.162,22.289,23.555,7.75,6.693,0.107,0.0,23.663,0.0,0.0,1.117,16966.993
1994,Argentina,1907.451,65.622,0.0,2.348,28.986,22.081,27.973,8.235,4.557,0.119,0.0,28.092,0.0,0.0,1.069,17063.753
1995,Argentina,1928.599,67.169,0.0,1.908,31.375,24.882,28.458,7.066,4.585,0.116,0.0,28.574,0.0,0.0,1.14,17537.406
1996,Argentina,1979.227,69.76,0.0,1.917,35.921,29.38,25.945,7.459,4.624,0.351,0.0,26.306,0.0,0.01,1.152,18560.035
1997,Argentina,2032.209,72.462,0.0,1.896,30.843,26.905,33.03,7.961,2.042,0.446,0.0,33.49,0.0,0.015,1.103,18244.684
1998,Argentina,2056.666,74.17,0.0,1.808,33.639,28.021,32.422,7.453,3.81,0.464,0.0,32.918,0.0,0.033,1.139,18700.103
1999,Argentina,2214.186,80.745,0.0,2.106,46.146,40.209,26.53,7.106,3.831,0.65,0.0,27.215,0.0,0.035,1.18,18084.557
2000,Argentina,2311.846,85.24,0.68,1.855,50.054,45.125,28.486,5.985,3.074,0.68,0.0,29.201,0.0,0.035,1.232,18608.827
2001,Argentina,2320.566,86.501,0.62,1.433,42.638,40.126,36.653,6.541,1.079,0.62,0.0,37.322,0.0,0.049,1.293,18203.75
2002,Argentina,2153.695,81.156,0.87,0.877,39.331,37.593,35.492,5.39,0.861,0.87,0.0,36.435,0.0,0.073,1.426,17144.248
2003,Argentina,2314.27,88.146,1.0,0.984,46.563,44.487,33.475,7.03,1.092,1.0,0.0,34.553,0.0,0.078,1.423,18196.932
2004,Argentina,2485.99,95.691,1.2,1.707,56.97,51.058,30.136,7.313,4.205,1.2,0.0,31.408,0.0,0.072,1.372,18965.749
2005,Argentina,2593.398,100.865,1.3,2.22,59.456,51.126,33.664,6.37,6.11,1.3,0.0,35.039,0.0,0.075,1.333,20017.886
2006,Argentina,2835.635,111.412,2.8,2.105,63.818,53.009,37.571,7.153,8.703,2.8,0.0,40.441,0.0,0.07,1.296,20819.765
2007,Argentina,2793.799,110.869,2.76,2.494,71.263,56.72,30.063,6.722,12.049,2.76,0.0,32.884,0.0,0.061,1.231,21522.762
2008,Argentina,2863.194,114.757,1.576,1.952,76.176,59.414,30.113,6.85,14.809,1.576,0.0,31.731,0.0,0.042,1.172,21673.035
2009,Argentina,2872.838,116.301,1.366,1.809,73.782,56.819,33.527,7.59,15.154,1.366,0.0,34.929,0.0,0.036,1.231,21043.171
2010,Argentina,2925.117,119.626,1.165,3.113,78.725,58.055,33.019,6.691,17.557,1.165,0.0,34.21,0.0,0.025,1.161,21919.694
2011,Argentina,2970.82,122.754,1.162,3.032,84.604,61.438,31.034,5.894,20.133,1.162,0.0,32.257,0.002,0.059,1.093,22111.154
2012,Argentina,3082.088,128.693,1.372,2.701,91.876,68.919,28.712,5.903,20.255,1.372,0.0,30.914,0.008,0.822,1.121,22504.785
2013,Argentina,3135.63,132.311,1.314,2.434,91.731,67.365,32.513,5.732,21.931,1.314,0.0,34.849,0.015,1.007,1.156,23202.432
2014,Argentina,3086.766,131.614,0.988,2.634,92.4,69.154,32.332,5.258,20.612,0.988,0.0,33.955,0.016,0.619,1.191,22846.498
2015,Argentina,3199.081,137.8,1.194,2.487,97.54,71.293,31.939,6.519,23.761,1.194,0.0,33.741,0.015,0.593,1.186,23123.79
2016,Argentina,3203.131,139.362,1.214,1.977,100.504,76.574,29.405,7.677,21.953,1.214,0.0,31.181,0.014,0.548,1.211,22832.315
2017,Argentina,3145.603,138.208,1.389,2.202,99.016,84.051,31.459,5.716,12.763,1.389,0.0,33.476,0.016,0.612,1.211,22550.74
2018,Argentina,3144.205,139.48,1.36,2.193,98.184,88.476,31.962,6.453,7.515,1.36,0.0,34.843,0.108,1.413,1.211,22172.06
2019,Argentina,2962.922,132.683,1.724,0.741,89.9,85.787,27.335,7.927,3.372,1.724,0.0,34.856,0.8,4.997,1.211,21479.671
2020,Argentina,2990.301,135.149,1.893,1.446,91.627,86.69,20.854,10.01,3.492,1.893,0.0,33.511,1.344,9.42,1.211,21479.671
1984,Bolivia,8663.67,6.61,0.0,0.0,0.0,0.0,6.608,0.0,0.0,0.0,0.0,6.61,0.001,0.001,1.688,3480.045
1985,Bolivia,8663.67,6.61,0.0,0.0,0.0,0.0,6.608,0.0,0.0,0.0,0.0,6.61,0.001,0.001,1.46,3157.538
1986,Bolivia,8663.67,6.61,0.0,0.0,0.0,0.0,6.608,0.0,0.0,0.0,0.0,6.61,0.001,0.001,1.482,3130.687
1987,Bolivia,8663.67,6.61,0.0,0.0,0.0,0.0,6.608,0.0,0.0,0.0,0.0,6.61,0.001,0.001,1.397,3015.249
1988,Bolivia,8663.67,6.61,0.0,0.0,0.0,0.0,6.608,0.0,0.0,0.0,0.0,6.61,0.001,0.001,1.774,3398.491
1989,Bolivia,8663.67,6.61,0.0,0.0,0.0,0.0,6.608,0.0,0.0,0.0,0.0,6.61,0.001,0.001,1.924,3767.822
1990,Bolivia,8663.67,6.61,0.0,0.0,0.0,0.0,6.608,0.0,0.0,0.0,0.0,6.61,0.001,0.001,1.896,3904.82
1991,Bolivia,8663.67,6.61,0.0,0.0,0.0,0.0,6.608,0.0,0.0,0.0,0.0,6.61,0.001,0.001,1.75,3755.333
1992,Bolivia,8663.67,6.61,0.0,0.0,0.0,0.0,6.608,0.0,0.0,0.0,0.0,6.61,0.001,0.001,1.803,3977.748
1993,Bolivia,8663.67,6.61,0.0,0.0,0.0,0.0,6.608,0.0,0.0,0.0,0.0,6.61,0.001,0.001,1.675,3844.757
1994,Bolivia,8663.67,6.61,0.0,0.0,0.0,0.0,6.608,0.0,0.0,0.0,0.0,6.61,0.001,0.001,1.719,4209.53
1995,Bolivia,8663.67,6.61,0.0,0.0,0.0,0.0,6.608,0.0,0.0,0.0,0.0,6.61,0.001,0.001,1.763,4732.945
1996,Bolivia,8663.67,6.61,0.0,0.0,0.0,0.0,6.608,0.0,0.0,0.0,0.0,6.61,0.001,0.001,1.548,4538.493
1997,Bolivia,8663.67,6.61,0.0,0.0,0.0,0.0,6.608,0.0,0.0,0.0,0.0,6.61,0.001,0.001,1.701,4996.515
1998,Bolivia,8663.67,6.61,0.0,0.0,0.0,0.0,6.608,0.0,0.0,0.0,0.0,6.61,0.001,0.001,1.533,4542.972
1999,Bolivia,8663.67,6.61,0.0,0.0,0.0,0.0,6.608,0.0,0.0,0.0,0.0,6.61,0.001,0.001,1.71,5000.679
2000,Bolivia,448.46,3.775,0.054,0.0,1.768,1.768,1.953,0.0,0.0,0.054,0.0,2.007,0.0,0.0,1.772,5147.586
2001,Bolivia,448.855,3.851,0.054,0.0,1.689,1.689,2.108,0.0,0.0,0.054,0.0,2.162,0.0,0.0,1.444,4305.691
2002,Bolivia,462.814,4.046,0.054,0.0,1.811,1.811,2.181,0.0,0.0,0.054,0.0,2.235,0.0,0.0,1.499,4623.534
2003,Bolivia,468.733,4.175,0.054,0.0,2.154,2.154,1.967,0.0,0.0,0.054,0.0,2.021,0.0,0.0,1.923,6119.649
2004,Bolivia,481.074,4.363,0.055,0.0,2.18,2.18,2.128,0.0,0.0,0.055,0.0,2.183,0.0,0.0,1.875,6239.658
2005,Bolivia,508.449,4.694,0.057,0.0,2.693,2.693,1.944,0.0,0.0,0.057,0.0,2.001,0.0,0.0,1.702,6007.822
2006,Bolivia,540.743,5.08,0.058,0.0,2.885,2.885,2.137,0.0,0.0,0.058,0.0,2.195,0.0,0.0,1.774,6503.713
2007,Bolivia,576.701,5.512,0.062,0.0,3.154,3.154,2.296,0.0,0.0,0.062,0.0,2.358,0.0,0.0,1.795,6871.343
2008,Bolivia,575.97,5.599,0.096,0.0,3.215,3.215,2.287,0.0,0.0,0.096,0.0,2.384,0.001,0.0,1.631,6936.628
2009,Bolivia,597.167,5.903,0.119,0.0,3.509,3.509,2.273,0.0,0.0,0.119,0.0,2.394,0.002,0.0,1.535,6729.47
2010,Bolivia,641.6,6.447,0.077,0.0,4.207,4.207,2.16,0.0,0.0,0.077,0.0,2.24,0.003,0.0,1.415,6728.254
2011,Bolivia,673.45,6.878,0.085,0.0,4.466,4.466,2.324,0.0,0.0,0.085,0.0,2.412,0.003,0.0,1.247,6586.994
2012,Bolivia,703.145,7.297,0.082,0.0,4.884,4.884,2.328,0.0,0.0,0.082,0.0,2.413,0.003,0.0,1.459,8024.79
2013,Bolivia,722.719,7.619,0.09,0.0,5.015,5.015,2.51,0.0,0.0,0.09,0.0,2.604,0.003,0.001,1.391,8036.692
2014,Bolivia,753.942,8.072,0.088,0.0,5.742,5.742,2.228,0.0,0.0,0.088,0.0,2.33,0.006,0.008,1.393,7999.507
2015,Bolivia,793.744,8.628,0.204,0.0,5.969,5.969,2.438,0.0,0.0,0.204,0.0,2.659,0.005,0.012,1.296,7684.553
2016,Bolivia,802.556,8.854,0.182,0.0,6.928,6.928,1.703,0.0,0.0,0.182,0.0,1.926,0.006,0.035,1.355,8243.057
2017,Bolivia,819.616,9.174,0.143,0.0,6.753,6.753,2.212,0.0,0.0,0.143,0.0,2.421,0.006,0.06,1.355,8243.057
2018,Bolivia,831.738,9.443,0.196,0.0,6.475,6.475,2.586,0.0,0.0,0.196,0.0,2.968,0.127,0.059,1.355,8243.057
2019,Bolivia,845.921,9.739,0.269,0.0,5.991,5.991,3.22,0.0,0.0,0.269,0.0,3.748,0.189,0.07,1.355,8243.057
2020,Bolivia,807.056,9.421,0.269,0.0,5.921,5.921,2.915,0.0,0.0,0.269,0.0,3.5,0.252,0.064,1.355,8243.057
1984,Brazil,1314.525,3.029,0.0,3.024,3.024,0.0,0.0,0.0,0.0,0.0,0.0,0.005,0.005,0.0,1.8,9233.726
1985,Brazil,1431.777,193.682,0.0,4.945,8.859,0.0,178.375,3.381,3.914,3.067,0.0,181.442,0.0,0.0,1.82,9622.362
1986,Brazil,1463.546,202.129,0.0,6.184,16.372,0.0,182.419,0.144,10.188,3.194,0.0,185.613,0.0,0.0,1.697,10049.227
1987,Brazil,1443.173,203.331,0.0,5.41,13.193,0.0,185.6,0.973,7.783,3.566,0.0,189.166,0.0,0.0,1.7,10145.16
1988,Brazil,1496.594,214.953,0.0,4.715,11.912,0.005,199.093,0.608,7.192,3.34,0.0,202.433,0.0,0.0,1.756,10331.983
1989,Brazil,1515.356,221.739,0.0,5.449,11.816,0.215,204.69,1.83,6.152,3.403,0.0,208.093,0.0,0.0,1.746,10345.449
1990,Brazil,1495.407,222.82,0.0,4.621,10.016,0.326,206.708,2.237,5.07,3.859,0.0,210.567,0.0,0.0,1.743,9992.177
1991,Brazil,1545.529,234.376,0.0,5.534,11.153,0.373,217.782,1.442,5.246,4.0,0.0,221.782,0.0,0.0,1.705,10194.868
1992,Brazil,1567.247,241.762,0.0,5.007,11.731,0.39,223.343,1.759,6.333,4.929,0.0,228.272,0.0,0.0,1.725,10490.578
1993,Brazil,1606.661,252.003,0.0,4.909,11.512,0.388,235.065,0.442,6.216,4.984,0.0,240.049,0.0,0.0,1.674,10778.52
1994,Brazil,1631.034,260.041,0.0,4.971,11.892,0.479,242.705,0.055,6.442,5.388,0.0,248.093,0.0,0.0,1.558,11143.618
1995,Brazil,1701.033,275.601,0.0,5.442,13.584,0.56,253.905,2.519,7.581,5.594,0.0,259.499,0.0,0.0,1.413,11513.806
1996,Brazil,1769.454,291.279,0.0,6.026,16.328,0.974,265.769,2.427,9.328,6.753,0.0,272.524,0.0,0.002,1.247,11965.592
1997,Brazil,1841.891,307.981,0.0,7.31,18.456,1.177,278.972,3.169,9.969,7.379,0.0,286.355,0.0,0.004,1.352,12452.929
1998,Brazil,1895.036,321.749,0.0,6.974,19.504,1.321,291.469,3.265,11.21,7.505,0.0,298.979,0.0,0.005,1.458,12711.71
1999,Brazil,1942.48,334.726,0.0,10.081,29.371,2.653,293.0,3.977,16.637,8.376,0.0,301.378,0.0,0.002,1.526,12748.907
2000,Brazil,1959.915,342.574,7.844,10.495,28.428,3.777,301.359,4.94,14.156,7.844,0.0,309.205,0.0,0.002,1.52,12780.446
2001,Brazil,1823.788,323.168,8.98,10.696,34.688,9.217,265.197,14.268,14.775,8.98,0.0,274.212,0.0,0.035,1.5,12359.504
2002,Brazil,1895.405,340.297,10.219,8.861,32.946,11.525,283.231,13.84,12.56,10.219,0.0,293.511,0.0,0.061,1.515,12486.084
2003,Brazil,1974.026,358.896,11.894,8.777,30.981,12.157,302.56,13.4,10.047,11.894,0.0,314.515,0.0,0.061,1.541,12548.229
2004,Brazil,2071.572,381.182,12.476,10.122,39.456,17.88,317.589,11.6,11.453,12.476,0.0,330.126,0.0,0.061,1.534,13004.357
2005,Brazil,2126.082,395.721,13.591,10.591,38.758,17.345,334.082,9.197,10.823,13.591,0.0,347.766,0.0,0.093,1.51,13219.786
2006,Brazil,2189.147,411.925,14.723,10.314,38.664,16.886,345.317,12.984,11.465,14.723,0.0,360.277,0.0,0.237,1.425,13402.931
2007,Brazil,2299.409,437.187,18.025,10.289,36.591,14.156,370.275,11.65,12.147,18.025,0.0,388.945,0.0,0.645,1.359,14076.064
2008,Brazil,2367.742,454.678,19.817,11.476,54.953,27.059,365.861,13.209,16.418,19.817,0.0,386.515,0.0,0.837,1.264,14551.581
2009,Brazil,2365.634,458.666,22.602,9.649,35.524,12.431,387.078,12.224,13.444,22.602,0.0,410.918,0.0,1.238,1.205,14296.021
2010,Brazil,2589.229,506.748,31.495,10.974,60.045,34.293,399.256,13.774,14.778,31.495,0.0,432.929,0.001,2.177,1.147,15585.781
2011,Brazil,2648.507,523.12,32.434,12.325,49.134,23.517,424.05,14.795,13.292,32.434,0.0,459.191,0.002,2.705,1.074,16148.863
2012,Brazil,2724.184,542.895,35.645,13.933,75.834,44.158,411.189,15.17,17.742,35.645,0.0,451.891,0.007,5.05,1.097,16291.789
2013,Brazil,2782.446,559.372,40.762,21.061,110.298,65.139,387.082,14.645,24.098,40.762,0.0,434.429,0.005,6.58,1.108,16761.084
2014,Brazil,2849.317,577.739,46.688,25.803,134.657,76.654,369.705,14.463,32.2,46.688,0.0,428.619,0.016,12.21,1.133,16989.477
2015,Brazil,2781.25,568.688,49.446,25.849,127.515,74.979,356.146,13.892,26.687,49.446,0.0,427.281,0.059,21.63,1.069,16619.27
2016,Brazil,2754.93,567.965,50.936,24.561,91.381,53.096,377.102,14.97,13.725,50.936,0.0,461.613,0.085,33.49,1.178,16058.664
2017,Brazil,2780.881,577.962,52.539,24.221,100.169,61.657,367.197,14.854,14.292,52.539,0.0,462.938,0.832,42.37,1.178,16123.593
2018,Brazil,2824.332,591.61,53.911,22.241,85.008,51.345,385.081,15.674,11.422,53.911,0.0,490.928,3.461,48.475,1.178,16091.379
2019,Brazil,2915.675,615.353,54.514,24.782,89.076,56.701,393.898,15.224,7.593,54.514,0.0,511.053,6.655,55.986,1.178,16325.047
2020,Brazil,2849.682,605.727,54.742,21.794,82.366,52.24,391.199,13.15,8.332,54.742,0.0,510.211,7.593,56.678,1.178,16325.047
1984,Chile,14.485,0.231,0.0,0.0,0.222,0.0,0.0,0.0,0.222,0.0,0.0,0.009,0.0,0.009,1.478,8821.169
1985,Chile,1145.468,14.04,0.0,0.0,0.222,0.0,11.07,0.0,0.222,0.195,0.0,11.265,0.0,0.0,1.491,8814.249
1986,Chile,1190.744,14.82,0.0,0.0,0.222,0.0,11.83,0.0,0.222,0.28,0.0,12.11,0.0,0.0,1.49,9069.433
1987,Chile,1236.811,15.637,0.0,0.0,0.222,0.0,12.823,0.0,0.222,0.271,0.0,13.094,0.0,0.0,1.46,9367.025
1988,Chile,1316.547,16.915,0.0,0.0,0.222,0.0,12.558,0.0,0.222,0.327,0.0,12.885,0.0,0.0,1.484,10291.407
1989,Chile,1363.887,17.811,0.0,0.0,0.222,0.0,10.543,0.0,0.222,0.321,0.0,10.864,0.0,0.0,1.494,11170.702
1990,Chile,1385.913,18.398,0.0,0.0,0.222,0.0,8.941,0.0,0.222,0.963,0.0,9.904,0.0,0.0,1.539,11576.59
1991,Chile,1479.289,19.963,0.0,0.0,0.222,0.0,13.136,0.0,0.222,1.033,0.0,14.169,0.0,0.0,1.609,12758.961
1992,Chile,1629.009,22.35,0.0,0.0,0.222,0.0,16.74,0.0,0.222,1.743,0.0,18.483,0.0,0.0,1.574,13882.781
1993,Chile,1721.979,24.013,0.0,0.0,0.222,0.0,17.217,0.0,0.222,1.75,0.0,18.967,0.0,0.0,1.561,14443.705
1994,Chile,1784.272,25.276,0.0,0.0,0.222,0.0,16.985,0.0,0.222,1.786,0.0,18.771,0.0,0.0,1.512,14944.04
1995,Chile,1948.891,28.027,0.0,0.0,0.222,0.0,18.414,0.0,0.222,1.879,0.0,20.293,0.0,0.0,1.426,15865.175
1996,Chile,2110.852,30.791,0.0,0.0,0.222,0.0,16.873,0.0,0.222,1.738,0.0,18.611,0.0,0.0,1.467,16597.038
1997,Chile,2251.589,33.292,0.0,0.0,0.222,0.0,18.943,0.0,0.222,1.743,0.0,20.686,0.0,0.0,1.639,18729.998
1998,Chile,2369.809,35.495,0.0,0.0,0.222,0.0,15.937,0.0,0.222,1.161,0.0,17.098,0.0,0.0,1.656,18569.82
1999,Chile,2531.425,38.384,0.0,0.0,0.222,0.0,13.577,0.0,0.222,1.45,0.0,15.027,0.0,0.0,1.813,19130.87
2000,Chile,2599.253,39.878,0.941,8.711,19.384,5.397,19.553,0.0,5.276,0.941,0.0,20.494,0.0,0.0,1.837,19990.595
2001,Chile,2652.347,41.154,2.068,8.218,18.286,5.091,20.793,0.0,4.977,2.068,0.0,22.868,0.0,0.007,1.849,19899.201
2002,Chile,2695.786,42.281,1.944,8.219,18.288,5.092,22.042,0.0,4.977,1.944,0.0,23.993,0.0,0.007,1.902,20374.826
2003,Chile,2852.463,45.212,1.807,9.86,21.941,6.109,21.457,0.0,5.972,1.807,0.0,23.271,0.0,0.007,1.795,20045.612
2004,Chile,3081.894,49.357,2.031,11.487,25.56,7.116,21.759,0.0,6.957,2.031,0.0,23.797,0.0,0.007,1.721,20848.696
2005,Chile,3137.043,50.767,1.79,10.225,22.752,6.335,26.218,0.0,6.192,1.79,0.0,28.015,0.0,0.007,1.614,21439.446
2006,Chile,3273.85,53.544,1.431,10.457,23.268,6.478,28.838,0.0,6.333,1.431,0.0,30.276,0.0,0.007,1.464,22652.492
2007,Chile,3406.991,56.318,2.696,13.803,30.714,8.551,22.899,0.0,8.359,2.696,0.0,25.604,0.0,0.009,1.397,22898.752
2008,Chile,3442.578,57.519,3.083,13.683,30.447,8.477,23.951,0.0,8.287,3.083,0.0,27.072,0.0,0.038,1.421,22455.155
2009,Chile,3465.204,58.513,4.274,13.085,29.117,8.107,25.043,0.0,7.925,4.274,0.0,29.396,0.0,0.079,1.366,21758.989
2010,Chile,3404.117,58.084,2.247,15.219,33.864,9.429,21.641,0.0,9.217,2.247,0.0,24.22,0.0,0.332,1.194,21627.539
2011,Chile,3670.617,63.259,4.673,16.768,37.311,10.388,20.937,0.0,10.155,4.673,0.0,25.948,0.0,0.338,1.18,23279.862
2012,Chile,3845.414,66.91,4.854,18.727,41.67,11.602,19.977,0.0,11.342,4.854,0.0,25.24,0.0,0.409,1.136,23570.77
2013,Chile,3985.348,70.031,5.761,19.787,44.031,12.259,19.678,0.0,11.984,5.761,0.0,26.0,0.008,0.553,1.129,23571.504
2014,Chile,3815.993,67.768,5.327,16.945,37.706,10.498,22.814,0.0,10.263,5.327,0.0,30.062,0.48,1.441,1.08,22875.258
2015,Chile,4025.383,72.332,5.615,17.96,39.964,11.127,23.403,0.0,10.877,5.615,0.0,32.368,1.238,2.112,1.079,23114.865
2016,Chile,4178.739,76.091,5.957,19.005,42.29,11.774,22.808,0.0,11.51,5.957,0.0,33.801,2.59,2.446,1.115,23931.914
2017,Chile,4127.861,76.242,6.062,18.815,41.868,11.657,20.889,0.0,11.395,6.126,0.064,34.374,3.843,3.516,1.115,23759.387
2018,Chile,4222.901,79.091,5.689,18.688,41.584,11.578,22.899,0.0,11.318,5.903,0.214,37.507,5.122,3.583,1.115,24630.23
2019,Chile,4137.587,78.416,4.352,18.864,41.976,11.687,20.665,0.0,11.425,4.553,0.201,36.44,6.136,5.086,1.115,24269.273
2020,Chile,4123.652,78.829,4.352,17.507,40.477,11.26,20.484,0.0,11.71,4.598,0.246,38.352,7.466,5.803,1.115,24269.273
1984,Colombia,5296.721,7623.696,129.64,4631.215,5044.957,253.425,1355.2,366.2,160.317,129.74,0.1,2212.54,261.1,466.5,1.148,7318.696
1985,Colombia,980.757,29.375,129.64,4631.215,5044.957,253.425,18.441,0.0,160.317,0.267,0.1,18.708,0.0,0.0,1.187,7451.115
1986,Colombia,1035.357,31.653,129.64,4631.215,5044.957,253.425,21.333,0.0,160.317,0.266,0.1,21.599,0.0,0.0,1.152,7537.862
1987,Colombia,1079.669,33.68,129.64,4631.215,5044.957,253.425,23.248,0.0,160.317,0.268,0.1,23.516,0.0,0.0,1.24,8032.07
1988,Colombia,1114.705,35.473,129.64,4631.215,5044.957,253.425,24.519,0.0,160.317,0.274,0.1,24.793,0.0,0.0,1.2,7879.154
1989,Colombia,1140.611,37.021,129.64,4631.215,5044.957,253.425,26.782,0.0,160.317,0.274,0.1,27.056,0.0,0.0,1.239,8128.582
1990,Colombia,1155.355,38.246,129.64,4631.215,5044.957,253.425,27.496,0.0,160.317,0.274,0.1,27.77,0.0,0.0,1.106,7453.331
1991,Colombia,1188.563,40.124,129.64,4631.215,5044.957,253.425,27.726,0.0,160.317,0.269,0.1,27.995,0.0,0.0,1.149,7591.102
1992,Colombia,1063.623,36.613,129.64,4631.215,5044.957,253.425,22.281,0.0,160.317,0.34,0.1,22.621,0.0,0.0,1.136,7786.565
1993,Colombia,1188.085,41.691,129.64,4631.215,5044.957,253.425,27.856,0.0,160.317,0.389,0.1,28.245,0.0,0.0,1.176,8409.577
1994,Colombia,1259.104,45.024,129.64,4631.215,5044.957,253.425,32.058,0.0,160.317,0.444,0.1,32.502,0.0,0.0,1.205,8860.351
1995,Colombia,1303.739,47.483,129.64,4631.215,5044.957,253.425,31.989,0.0,160.317,0.477,0.1,32.466,0.0,0.0,1.17,8834.301
1996,Colombia,1304.648,48.371,129.64,4631.215,5044.957,253.425,35.288,0.0,160.317,0.496,0.1,35.784,0.0,0.0,1.2,8900.877
1997,Colombia,1322.933,49.906,129.64,4631.215,5044.957,253.425,31.476,0.0,160.317,0.483,0.1,31.959,0.0,0.0,1.213,9003.793
1998,Colombia,1310.686,50.283,129.64,4631.215,5044.957,253.425,30.782,0.0,160.317,0.532,0.1,31.314,0.0,0.0,1.251,8905.17
1999,Colombia,1225.024,47.775,129.64,4631.215,5044.957,253.425,33.701,0.0,160.317,0.457,0.1,34.158,0.0,0.0,1.22,8102.903
2000,Colombia,1064.262,42.177,0.496,2.465,9.922,6.945,31.753,0.0,0.511,0.496,0.0,32.255,0.006,0.0,1.153,7770.591
2001,Colombia,1054.777,42.461,0.496,3.244,10.479,6.739,31.48,0.0,0.496,0.496,0.0,31.982,0.006,0.0,1.126,7526.846
2002,Colombia,1078.239,44.073,0.491,3.08,9.948,6.397,33.628,0.0,0.471,0.491,0.0,34.125,0.006,0.0,1.106,7385.355
2003,Colombia,1099.067,45.594,0.495,2.873,9.28,5.968,35.812,0.0,0.439,0.495,0.0,36.314,0.007,0.0,1.108,7533.354
2004,Colombia,1159.274,48.778,0.467,2.655,8.576,5.515,39.676,0.0,0.406,0.467,0.0,40.202,0.007,0.052,1.074,7558.377
2005,Colombia,1157.078,49.347,0.503,2.905,9.383,6.034,39.405,0.0,0.444,0.503,0.0,39.964,0.007,0.049,1.002,7472.091
2006,Colombia,1220.715,52.736,0.53,3.04,9.821,6.316,42.315,0.0,0.465,0.53,0.0,42.915,0.007,0.063,1.024,8269.183
2007,Colombia,1239.101,54.196,0.532,2.974,9.607,6.178,44.001,0.0,0.455,0.532,0.0,44.589,0.007,0.049,0.934,8196.163
2008,Colombia,1241.859,54.958,0.537,2.607,8.421,5.416,45.939,0.0,0.399,0.537,0.0,46.537,0.007,0.054,0.924,8749.594
2009,Colombia,1248.125,55.854,0.541,4.522,14.608,9.394,40.64,0.0,0.692,0.541,0.0,41.246,0.007,0.058,0.863,8253.241
2010,Colombia,1283.285,58.034,2.417,4.821,15.573,10.015,39.997,0.0,0.737,2.417,0.0,42.461,0.008,0.039,0.846,8741.427
2011,Colombia,1312.174,59.918,1.999,2.935,9.482,6.097,48.389,0.0,0.449,1.999,0.0,50.436,0.008,0.04,0.789,9052.9
2012,Colombia,1326.181,61.105,1.953,3.71,11.983,7.706,47.106,0.0,0.567,1.953,0.0,49.122,0.008,0.055,0.815,9600.805
2013,Colombia,1551.616,72.142,1.048,6.584,21.269,13.678,49.757,0.0,1.007,1.048,0.0,50.873,0.008,0.06,0.802,9645.844
2014,Colombia,1475.184,69.286,1.347,6.337,20.469,13.163,47.391,0.0,0.969,1.347,0.0,48.817,0.009,0.07,0.814,10067.117
2015,Colombia,1607.609,76.395,1.371,8.317,26.865,17.276,48.082,0.0,1.272,1.371,0.0,49.53,0.009,0.068,0.794,10007.479
2016,Colombia,1551.366,74.737,1.462,7.619,24.611,15.827,48.605,0.0,1.165,1.462,0.0,50.126,0.009,0.05,0.823,10418.751
2017,Colombia,1588.236,77.681,1.427,5.195,15.417,9.521,60.82,0.0,0.701,1.427,0.0,62.264,0.014,0.003,0.823,10445.488
2018,Colombia,1575.727,78.252,1.458,5.862,17.398,10.744,59.333,0.0,0.791,1.458,0.0,60.855,0.021,0.043,0.823,10361.17
2019,Colombia,1490.696,75.04,1.317,6.586,19.544,12.07,53.987,0.0,0.889,1.317,0.0,55.496,0.132,0.06,0.823,10618.229
2020,Colombia,1459.38,74.257,1.341,7.899,23.332,14.616,49.387,0.0,0.817,1.341,0.0,50.926,0.191,0.007,0.823,10618.229
1984,Ecuador,1724.113,18.515,0.254,3.335,16.028,3.488,1.053,0.0,9.206,0.254,0.0,2.487,0.4,0.78,1.078,5766.3
1985,Ecuador,502.758,4.558,0.254,3.335,16.028,3.488,3.279,0.0,9.206,0.0,0.0,3.279,0.0,0.0,1.244,6660.125
1986,Ecuador,539.389,5.012,0.254,3.335,16.028,3.488,4.012,0.0,9.206,0.0,0.0,4.012,0.0,0.0,1.367,6800.139
1987,Ecuador,565.427,5.384,0.254,3.335,16.028,3.488,4.57,0.0,9.206,0.0,0.0,4.57,0.0,0.0,1.469,6831.176
1988,Ecuador,578.208,5.641,0.254,3.335,16.028,3.488,4.826,0.0,9.206,0.0,0.0,4.826,0.0,0.0,1.63,7708.737
1989,Ecuador,577.362,5.769,0.254,3.335,16.028,3.488,4.954,0.0,9.206,0.0,0.0,4.954,0.0,0.0,1.641,7762.188
1990,Ecuador,620.551,6.349,0.254,3.335,16.028,3.488,4.987,0.0,9.206,0.0,0.0,4.987,0.0,0.0,1.605,7827.709
1991,Ecuador,666.01,6.974,0.254,3.335,16.028,3.488,5.076,0.0,9.206,0.0,0.0,5.076,0.0,0.0,1.725,8453.272
1992,Ecuador,671.522,7.196,0.254,3.335,16.028,3.488,4.974,0.0,9.206,0.0,0.0,4.974,0.0,0.0,1.615,8219.811
1993,Ecuador,676.152,7.411,0.254,3.335,16.028,3.488,5.81,0.0,9.206,0.0,0.0,5.81,0.0,0.0,1.739,8319.445
1994,Ecuador,726.624,8.144,0.254,3.335,16.028,3.488,6.565,0.0,9.206,0.0,0.0,6.565,0.0,0.0,1.806,8845.67
1995,Ecuador,735.801,8.429,0.254,3.335,16.028,3.488,5.161,0.0,9.206,0.0,0.0,5.161,0.0,0.0,1.675,8196.376
1996,Ecuador,827.07,9.679,0.254,3.335,16.028,3.488,6.343,0.0,9.206,0.0,0.0,6.343,0.0,0.0,1.887,9123.458
1997,Ecuador,867.019,10.362,0.254,3.335,16.028,3.488,6.534,0.0,9.206,0.0,0.0,6.534,0.0,0.0,2.009,9961.012
1998,Ecuador,892.798,10.89,0.254,3.335,16.028,3.488,6.506,0.0,9.206,0.0,0.0,6.506,0.0,0.0,1.975,9810.539
1999,Ecuador,828.494,10.308,0.254,3.335,16.028,3.488,7.177,0.0,9.206,0.0,0.0,7.177,0.0,0.0,1.851,8755.233
2000,Ecuador,816.641,10.356,0.0,0.0,2.823,1.581,7.533,0.0,1.242,0.0,0.0,7.533,0.0,0.0,1.642,8102.576
2001,Ecuador,831.611,10.74,0.0,0.0,3.74,2.095,7.0,0.0,1.646,0.0,0.0,7.0,0.0,0.0,1.553,8068.393
2002,Ecuador,878.888,11.551,0.0,0.0,4.101,2.297,7.45,0.0,1.804,0.0,0.0,7.45,0.0,0.0,1.383,7818.3
2003,Ecuador,838.573,11.212,0.0,0.0,4.103,2.298,7.109,0.0,1.805,0.0,0.0,7.109,0.0,0.0,1.327,7813.309
2004,Ecuador,962.742,13.089,0.0,0.0,5.752,3.221,7.338,0.0,2.531,0.0,0.0,7.338,0.0,0.0,1.279,8292.075
2005,Ecuador,879.638,12.162,0.05,0.0,5.298,2.967,6.814,0.0,2.331,0.05,0.0,6.864,0.0,0.0,1.183,8639.83
2006,Ecuador,1004.911,14.128,0.678,0.0,6.391,3.579,7.059,0.0,2.812,0.678,0.0,7.737,0.0,0.0,1.17,8984.832
2007,Ecuador,1160.036,16.585,0.949,0.0,6.688,3.745,8.947,0.0,2.943,0.949,0.0,9.897,0.0,0.001,1.163,9271.968
2008,Ecuador,1256.538,18.265,0.208,0.0,6.873,3.849,11.181,0.0,3.024,0.208,0.0,11.392,0.0,0.003,1.119,9697.082
2009,Ecuador,1213.554,17.929,0.217,0.0,8.579,4.804,9.13,0.0,3.775,0.217,0.0,9.35,0.0,0.003,1.113,9344.177
2010,Ecuador,1251.416,18.785,0.236,0.0,9.996,5.598,8.55,0.0,4.398,0.236,0.0,8.789,0.0,0.003,1.137,10225.074
2011,Ecuador,1304.463,19.885,0.278,0.0,8.582,4.806,11.022,0.0,3.776,0.278,0.0,11.303,0.0,0.003,1.083,10659.935
2012,Ecuador,1428.612,22.106,0.296,0.0,9.692,5.428,12.116,0.0,4.265,0.296,0.0,12.414,0.0,0.002,1.093,11088.271
2013,Ecuador,1428.796,22.442,0.296,0.0,11.153,6.246,10.929,0.0,4.907,0.296,0.0,11.289,0.004,0.06,1.056,11289.99
2014,Ecuador,1470.083,23.451,0.399,0.0,11.613,6.503,11.343,0.0,5.109,0.399,0.0,11.838,0.016,0.08,1.077,11675.838
2015,Ecuador,1546.389,25.07,0.408,0.0,11.561,5.814,12.965,0.0,5.747,0.408,0.0,13.509,0.036,0.1,1.072,11438.164
2016,Ecuador,1606.32,26.49,0.49,0.0,10.202,5.13,15.675,0.0,5.071,0.49,0.0,16.288,0.039,0.084,1.091,11179.203
2017,Ecuador,1631.9,27.391,0.459,0.0,6.935,3.488,19.887,0.0,3.448,0.459,0.0,20.456,0.037,0.073,1.091,11377.16
2018,Ecuador,1670.846,28.545,0.428,0.0,7.528,3.786,20.471,0.0,3.742,0.428,0.0,21.017,0.038,0.08,1.091,11808.143
2019,Ecuador,1823.349,31.679,0.455,0.0,6.682,3.36,24.418,0.0,3.321,0.455,0.0,24.997,0.038,0.086,1.091,11899.704
1984,French Guiana,8096.879,528.512,8.177,4.275,50.047,34.246,62.065,355.191,11.526,8.787,0.61,123.274,13.19,39.232,1.043,17886.034
1985,French Guiana,8096.879,528.512,8.177,4.275,50.047,34.246,62.065,355.191,11.526,8.787,0.61,123.274,13.19,39.232,1.043,17054.125
1986,French Guiana,8096.879,528.512,8.177,4.275,50.047,34.246,62.065,355.191,11.526,8.787,0.61,123.274,13.19,39.232,1.043,16948.606
1987,French Guiana,8096.879,528.512,8.177,4.275,50.047,34.246,62.065,355.191,11.526,8.787,0.61,123.274,13.19,39.232,1.043,18173.237
1988,French Guiana,8096.879,528.512,8.177,4.275,50.047,34.246,62.065,355.191,11.526,8.787,0.61,123.274,13.19,39.232,1.043,19678.036
1989,French Guiana,8096.879,528.512,8.177,4.275,50.047,34.246,62.065,355.191,11.526,8.787,0.61,123.274,13.19,39.232,1.043,21395.806
1990,French Guiana,8096.879,528.512,8.177,4.275,50.047,34.246,62.065,355.191,11.526,8.787,0.61,123.274,13.19,39.232,1.043,24231.046
1991,French Guiana,8096.879,528.512,8.177,4.275,50.047,34.246,62.065,355.191,11.526,8.787,0.61,123.274,13.19,39.232,1.043,25516.148
1992,French Guiana,8096.879,528.512,8.177,4.275,50.047,34.246,62.065,355.191,11.526,8.787,0.61,123.274,13.19,39.232,1.043,20374.596
1993,French Guiana,8096.879,528.512,8.177,4.275,50.047,34.246,62.065,355.191,11.526,8.787,0.61,123.274,13.19,39.232,1.043,26327.732
1994,French Guiana,8096.879,528.512,8.177,4.275,50.047,34.246,62.065,355.191,11.526,8.787,0.61,123.274,13.19,39.232,1.043,25535.92
1995,French Guiana,8096.879,528.512,8.177,4.275,50.047,34.246,62.065,355.191,11.526,8.787,0.61,123.274,13.19,39.232,1.043,28907.85
1996,French Guiana,8096.879,528.512,8.177,4.275,50.047,34.246,62.065,355.191,11.526,8.787,0.61,123.274,13.19,39.232,1.043,27490.485
1997,French Guiana,8096.879,528.512,8.177,4.275,50.047,34.246,62.065,355.191,11.526,8.787,0.61,123.274,13.19,39.232,1.043,27125.859
1998,French Guiana,8096.879,528.512,8.177,4.275,50.047,34.246,62.065,355.191,11.526,8.787,0.61,123.274,13.19,39.232,1.043,26227.652
1999,French Guiana,8096.879,528.512,8.177,4.275,50.047,34.246,62.065,355.191,11.526,8.787,0.61,123.274,13.19,39.232,1.043,25225.323
2000,French Guiana,2625.767,0.428,0.0,0.0,0.428,0.298,0.0,0.0,0.13,0.0,0.0,0.0,0.0,0.0,1.043,13819.317
2001,French Guiana,3441.176,0.585,0.0,0.0,0.055,0.038,0.53,0.0,0.017,0.0,0.0,0.53,0.0,0.0,1.043,23735.374
2002,French Guiana,3385.475,0.606,0.0,0.0,0.057,0.04,0.549,0.0,0.017,0.0,0.0,0.549,0.0,0.0,1.043,21046.969
2003,French Guiana,3374.332,0.631,0.0,0.0,0.06,0.042,0.571,0.0,0.018,0.0,0.0,0.571,0.0,0.0,1.043,23567.982
2004,French Guiana,3358.974,0.655,0.0,0.0,0.062,0.043,0.593,0.0,0.019,0.0,0.0,0.593,0.0,0.0,1.043,22660.503
2005,French Guiana,3354.68,0.681,0.0,0.0,0.065,0.045,0.616,0.0,0.02,0.0,0.0,0.616,0.0,0.0,1.043,21795.019
2006,French Guiana,3361.905,0.706,0.0,0.0,0.067,0.047,0.639,0.0,0.02,0.0,0.0,0.639,0.0,0.0,1.043,19801.862
2007,French Guiana,4171.296,0.901,0.0,0.0,0.238,0.166,0.663,0.0,0.072,0.0,0.0,0.663,0.0,0.0,1.043,20971.182
2008,French Guiana,4153.153,0.922,0.0,0.0,0.233,0.162,0.689,0.0,0.071,0.0,0.0,0.689,0.0,0.0,1.043,20839.939
2009,French Guiana,4513.158,1.029,0.001,0.0,0.318,0.222,0.708,0.0,0.096,0.001,0.0,0.711,0.002,0.0,1.043,23884.345
2010,French Guiana,4738.197,1.104,0.008,0.0,0.356,0.248,0.737,0.0,0.108,0.008,0.0,0.748,0.003,0.0,1.043,22254.837
2011,French Guiana,4424.37,1.053,0.012,0.0,0.354,0.247,0.65,0.0,0.107,0.012,0.0,0.699,0.037,0.0,1.043,20555.061
2012,French Guiana,3594.262,0.877,0.012,0.0,0.257,0.179,0.556,0.0,0.078,0.012,0.0,0.62,0.052,0.0,1.043,18345.38
2013,French Guiana,3514.056,0.875,0.013,0.0,0.328,0.229,0.49,0.0,0.099,0.013,0.0,0.547,0.044,0.0,1.043,18234.14
2014,French Guiana,3533.333,0.901,0.012,0.0,0.337,0.235,0.5,0.0,0.102,0.012,0.0,0.564,0.052,0.0,1.043,18732.133
2015,French Guiana,3498.084,0.913,0.012,0.0,0.354,0.247,0.493,0.0,0.107,0.012,0.0,0.559,0.054,0.0,1.043,17627.455
2016,French Guiana,3407.369,0.913,0.012,0.0,0.414,0.289,0.435,0.0,0.125,0.012,0.0,0.499,0.052,0.0,1.043,16876.524
2017,French Guiana,3912.171,1.076,0.01,0.0,0.45,0.314,0.564,0.0,0.136,0.01,0.0,0.626,0.052,0.0,1.043,16876.524
2018,French Guiana,3885.693,1.1,0.01,0.0,0.5,0.348,0.538,0.0,0.152,0.01,0.0,0.6,0.051,0.0,1.043,16876.524
2019,French Guiana,3991.762,1.162,0.01,0.0,0.549,0.382,0.553,0.0,0.166,0.01,0.0,0.613,0.05,0.0,1.043,16876.524
1984,Guyana,22.905,0.044,0.0,0.0,0.042,0.0,0.0,0.0,0.042,0.0,0.0,0.002,0.002,0.0,0.711,7588.265
1985,Guyana,22.905,0.044,0.0,0.0,0.042,0.0,0.0,0.0,0.042,0.0,0.0,0.002,0.002,0.0,0.711,7637.539
1986,Guyana,22.905,0.044,0.0,0.0,0.042,0.0,0.0,0.0,0.042,0.0,0.0,0.002,0.002,0.0,0.711,7342.224
1987,Guyana,22.905,0.044,0.0,0.0,0.042,0.0,0.0,0.0,0.042,0.0,0.0,0.002,0.002,0.0,0.711,5631.889
1988,Guyana,22.905,0.044,0.0,0.0,0.042,0.0,0.0,0.0,0.042,0.0,0.0,0.002,0.002,0.0,0.711,5611.147
1989,Guyana,22.905,0.044,0.0,0.0,0.042,0.0,0.0,0.0,0.042,0.0,0.0,0.002,0.002,0.0,0.711,3799.588
1990,Guyana,22.905,0.044,0.0,0.0,0.042,0.0,0.0,0.0,0.042,0.0,0.0,0.002,0.002,0.0,0.711,3671.479
1991,Guyana,22.905,0.044,0.0,0.0,0.042,0.0,0.0,0.0,0.042,0.0,0.0,0.002,0.002,0.0,0.711,4321.697
1992,Guyana,22.905,0.044,0.0,0.0,0.042,0.0,0.0,0.0,0.042,0.0,0.0,0.002,0.002,0.0,0.711,4740.998
1993,Guyana,22.905,0.044,0.0,0.0,0.042,0.0,0.0,0.0,0.042,0.0,0.0,0.002,0.002,0.0,0.711,6026.748
1994,Guyana,22.905,0.044,0.0,0.0,0.042,0.0,0.0,0.0,0.042,0.0,0.0,0.002,0.002,0.0,0.711,5980.529
1995,Guyana,22.905,0.044,0.0,0.0,0.042,0.0,0.0,0.0,0.042,0.0,0.0,0.002,0.002,0.0,0.711,5054.861
1996,Guyana,22.905,0.044,0.0,0.0,0.042,0.0,0.0,0.0,0.042,0.0,0.0,0.002,0.002,0.0,0.711,5517.295
1997,Guyana,22.905,0.044,0.0,0.0,0.042,0.0,0.0,0.0,0.042,0.0,0.0,0.002,0.002,0.0,0.711,5896.544
1998,Guyana,22.905,0.044,0.0,0.0,0.042,0.0,0.0,0.0,0.042,0.0,0.0,0.002,0.002,0.0,0.711,7688.914
1999,Guyana,22.905,0.044,0.0,0.0,0.042,0.0,0.0,0.0,0.042,0.0,0.0,0.002,0.002,0.0,0.711,9279.467
2000,Guyana,1174.029,0.877,0.041,0.0,0.836,0.0,0.0,0.0,0.836,0.041,0.0,0.041,0.0,0.0,0.711,9122.535
2001,Guyana,1221.477,0.91,0.047,0.0,0.863,0.0,0.0,0.0,0.863,0.047,0.0,0.047,0.0,0.0,0.711,8909.86
2002,Guyana,1226.846,0.914,0.056,0.0,0.858,0.0,0.0,0.0,0.858,0.056,0.0,0.056,0.0,0.0,0.711,8981.585
2003,Guyana,1103.356,0.822,0.051,0.0,0.771,0.0,0.0,0.0,0.771,0.051,0.0,0.051,0.0,0.0,0.711,9281.584
2004,Guyana,1150.134,0.858,0.056,0.0,0.802,0.0,0.0,0.0,0.802,0.056,0.0,0.056,0.0,0.0,0.711,9027.208
2005,Guyana,871.582,0.65,0.045,0.0,0.605,0.0,0.0,0.0,0.605,0.045,0.0,0.045,0.0,0.0,0.711,8170.117
2006,Guyana,897.185,0.669,0.045,0.0,0.624,0.0,0.0,0.0,0.624,0.045,0.0,0.045,0.0,0.0,0.711,7294.524
2007,Guyana,944.236,0.704,0.047,0.0,0.657,0.0,0.0,0.0,0.657,0.047,0.0,0.047,0.0,0.0,0.711,9060.498
2008,Guyana,951.004,0.71,0.045,0.0,0.665,0.0,0.0,0.0,0.665,0.045,0.0,0.045,0.0,0.0,0.711,8602.136
2009,Guyana,969.92,0.726,0.045,0.0,0.68,0.0,0.0,0.0,0.68,0.045,0.0,0.046,0.0,0.0,0.711,8853.858
2010,Guyana,1101.8,0.825,0.01,0.0,0.815,0.0,0.0,0.0,0.815,0.01,0.0,0.01,0.0,0.0,0.711,9529.779
2011,Guyana,1154.698,0.868,0.012,0.0,0.855,0.0,0.0,0.0,0.855,0.012,0.0,0.013,0.001,0.0,0.711,9854.558
2012,Guyana,1197.889,0.904,0.018,0.0,0.885,0.0,0.0,0.0,0.885,0.018,0.0,0.019,0.001,0.0,0.711,11101.658
2013,Guyana,1220.671,0.926,0.021,0.0,0.904,0.0,0.0,0.0,0.904,0.021,0.0,0.022,0.001,0.0,0.711,10754.789
2014,Guyana,1234.014,0.942,0.02,0.0,0.92,0.0,0.0,0.0,0.92,0.02,0.0,0.022,0.002,0.0,0.711,10723.359
2015,Guyana,1309.748,1.005,0.026,0.0,0.976,0.0,0.0,0.0,0.976,0.026,0.0,0.029,0.002,0.0,0.711,11014.285
2016,Guyana,1346.569,1.038,0.019,0.0,1.016,0.0,0.0,0.0,1.016,0.019,0.0,0.022,0.003,0.0,0.711,11180.936
2017,Guyana,1388.835,1.076,0.014,0.0,1.057,0.0,0.0,0.0,1.057,0.014,0.0,0.019,0.005,0.0,0.711,11180.936
2018,Guyana,1393.999,1.086,0.01,0.0,1.067,0.0,0.0,0.0,1.067,0.01,0.0,0.019,0.009,0.0,0.711,11180.936
2019,Guyana,1418.806,1.111,0.005,0.0,1.097,0.0,0.0,0.0,1.097,0.005,0.0,0.014,0.009,0.0,0.711,11180.936
1984,Paraguay,485.088,4.257,0.041,0.0,3.414,1.16,0.8,0.0,2.254,0.041,0.0,0.843,0.001,0.0,0.71,2484.454
1985,Paraguay,485.088,4.257,0.041,0.0,3.414,1.16,0.8,0.0,2.254,0.041,0.0,0.843,0.001,0.0,1.385,4862.16
1986,Paraguay,485.088,4.257,0.041,0.0,3.414,1.16,0.8,0.0,2.254,0.041,0.0,0.843,0.001,0.0,3.16,10732.239
1987,Paraguay,485.088,4.257,0.041,0.0,3.414,1.16,0.8,0.0,2.254,0.041,0.0,0.843,0.001,0.0,4.53,15731.574
1988,Paraguay,485.088,4.257,0.041,0.0,3.414,1.16,0.8,0.0,2.254,0.041,0.0,0.843,0.001,0.0,4.489,16180.471
1989,Paraguay,485.088,4.257,0.041,0.0,3.414,1.16,0.8,0.0,2.254,0.041,0.0,0.843,0.001,0.0,5.324,19303.163
1990,Paraguay,485.088,4.257,0.041,0.0,3.414,1.16,0.8,0.0,2.254,0.041,0.0,0.843,0.001,0.0,5.253,20706.17
1991,Paraguay,485.088,4.257,0.041,0.0,3.414,1.16,0.8,0.0,2.254,0.041,0.0,0.843,0.001,0.0,5.366,21419.992
1992,Paraguay,485.088,4.257,0.041,0.0,3.414,1.16,0.8,0.0,2.254,0.041,0.0,0.843,0.001,0.0,4.976,19743.637
1993,Paraguay,485.088,4.257,0.041,0.0,3.414,1.16,0.8,0.0,2.254,0.041,0.0,0.843,0.001,0.0,5.373,21864.638
1994,Paraguay,485.088,4.257,0.041,0.0,3.414,1.16,0.8,0.0,2.254,0.041,0.0,0.843,0.001,0.0,5.854,24683.048
1995,Paraguay,485.088,4.257,0.041,0.0,3.414,1.16,0.8,0.0,2.254,0.041,0.0,0.843,0.001,0.0,6.427,27797.252
1996,Paraguay,485.088,4.257,0.041,0.0,3.414,1.16,0.8,0.0,2.254,0.041,0.0,0.843,0.001,0.0,6.657,28566.65
1997,Paraguay,485.088,4.257,0.041,0.0,3.414,1.16,0.8,0.0,2.254,0.041,0.0,0.843,0.001,0.0,7.304,31238.206
1998,Paraguay,485.088,4.257,0.041,0.0,3.414,1.16,0.8,0.0,2.254,0.041,0.0,0.843,0.001,0.0,7.085,30947.125
1999,Paraguay,485.088,4.257,0.041,0.0,3.414,1.16,0.8,0.0,2.254,0.041,0.0,0.843,0.001,0.0,7.752,31421.508
2000,Paraguay,9950.967,52.969,0.0,0.0,0.012,0.0,52.957,0.0,0.012,0.0,0.0,52.957,0.0,0.0,8.159,31008.73
2001,Paraguay,8267.502,44.876,0.0,0.0,0.012,0.0,44.864,0.0,0.012,0.0,0.0,44.864,0.0,0.0,6.695,26227.34
2002,Paraguay,8630.513,47.744,0.0,0.0,0.014,0.0,47.73,0.0,0.014,0.0,0.0,47.73,0.0,0.0,5.453,27369.24
2003,Paraguay,9101.604,51.269,0.0,0.0,0.016,0.0,51.253,0.0,0.016,0.0,0.0,51.253,0.0,0.0,5.555,28766.75
2004,Paraguay,8971.733,51.417,0.0,0.0,0.005,0.0,51.412,0.0,0.005,0.0,0.0,51.412,0.0,0.0,5.298,28369.821
2005,Paraguay,8697.974,50.657,0.0,0.0,0.003,0.0,50.654,0.0,0.003,0.0,0.0,50.654,0.0,0.0,4.98,27374.004
2006,Paraguay,9005.412,53.249,0.0,0.0,0.003,0.0,53.246,0.0,0.003,0.0,0.0,53.246,0.0,0.0,4.921,28424.56
2007,Paraguay,8868.123,53.191,0.0,0.0,0.003,0.0,53.188,0.0,0.003,0.0,0.0,53.188,0.0,0.0,4.768,28114.355
2008,Paraguay,9030.094,54.912,0.0,0.0,0.003,0.0,54.909,0.0,0.003,0.0,0.0,54.909,0.0,0.0,4.699,28661.778
2009,Paraguay,8827.06,54.41,0.0,0.0,0.001,0.0,54.409,0.0,0.001,0.0,0.0,54.409,0.0,0.0,4.365,28160.97
2010,Paraguay,8566.732,53.525,0.0,0.0,0.001,0.0,53.524,0.0,0.001,0.0,0.0,53.524,0.0,0.0,3.958,27778.257
2011,Paraguay,9006.937,57.05,0.0,0.0,0.001,0.0,57.049,0.0,0.001,0.0,0.0,57.049,0.0,0.0,3.875,29153.586
2012,Paraguay,9285.709,59.633,0.0,0.0,0.003,0.0,59.63,0.0,0.003,0.0,0.0,59.63,0.0,0.0,3.917,30015.059
2013,Paraguay,9201.662,59.903,0.126,0.0,0.003,0.0,59.774,0.0,0.003,0.126,0.0,59.9,0.0,0.0,3.732,29653.045
2014,Paraguay,8313.272,54.868,0.139,0.0,0.006,0.0,54.723,0.0,0.006,0.139,0.0,54.862,0.0,0.0,3.265,27230.36
2015,Paraguay,8272.258,55.333,0.146,0.0,0.001,0.0,55.186,0.0,0.001,0.146,0.0,55.332,0.0,0.0,3.23,27396.266
2016,Paraguay,9446.508,64.028,0.895,0.0,0.001,0.0,63.132,0.0,0.001,0.895,0.0,64.027,0.0,0.0,3.65,31800.437
2017,Paraguay,8704.053,59.771,0.682,0.0,0.002,0.0,59.087,0.0,0.002,0.682,0.0,59.769,0.0,0.0,3.65,31800.437
2018,Paraguay,8528.202,59.322,0.701,0.0,0.002,0.0,58.619,0.0,0.002,0.701,0.0,59.32,0.0,0.0,3.65,31800.437
2019,Paraguay,7072.117,49.823,0.886,0.0,0.002,0.0,48.935,0.0,0.002,0.886,0.0,49.821,0.0,0.0,3.65,31800.437
1984,Peru,7072.117,49.823,0.886,0.0,0.002,0.0,48.935,0.0,0.002,0.886,0.0,49.821,0.0,0.0,1.516,5386.137
1985,Peru,612.502,12.111,0.886,0.0,0.002,0.0,9.382,0.0,0.002,0.169,0.0,9.551,0.0,0.0,1.489,5218.289
1986,Peru,640.04,12.948,0.886,0.0,0.002,0.0,10.06,0.0,0.002,0.154,0.0,10.214,0.0,0.0,1.374,5458.546
1987,Peru,676.913,14.006,0.886,0.0,0.002,0.0,10.878,0.0,0.002,0.136,0.0,11.014,0.0,0.0,1.336,5734.992
1988,Peru,640.666,13.552,0.886,0.0,0.002,0.0,10.423,0.0,0.002,0.136,0.0,10.559,0.0,0.0,1.352,5475.105
1989,Peru,635.098,13.727,0.886,0.0,0.002,0.0,10.507,0.0,0.002,0.145,0.0,10.652,0.0,0.0,1.488,4920.272
1990,Peru,625.617,13.808,0.886,0.0,0.002,0.0,10.469,0.0,0.002,0.136,0.0,10.605,0.0,0.0,1.449,4766.263
1991,Peru,643.016,14.482,0.886,0.0,0.002,0.0,11.492,0.0,0.002,0.133,0.0,11.625,0.0,0.0,1.376,4629.166
1992,Peru,571.341,13.122,0.886,0.0,0.002,0.0,9.689,0.0,0.002,0.133,0.0,9.822,0.0,0.0,1.306,4432.354
1993,Peru,632.604,14.808,0.886,0.0,0.002,0.0,11.799,0.0,0.002,0.109,0.0,11.908,0.0,0.0,1.334,4733.182
1994,Peru,665.213,15.866,0.886,0.0,0.002,0.0,12.747,0.0,0.002,0.119,0.0,12.866,0.0,0.0,1.245,5055.004
1995,Peru,694.683,16.88,0.886,0.0,0.002,0.0,12.938,0.0,0.002,0.142,0.0,13.08,0.0,0.0,1.206,5411.862
1996,Peru,698.061,17.28,0.886,0.0,0.002,0.0,13.324,0.0,0.002,0.137,0.0,13.461,0.0,0.0,1.193,5493.527
1997,Peru,712.126,17.953,0.886,0.0,0.002,0.0,13.214,0.0,0.002,0.154,0.0,13.369,0.0,0.001,1.124,5440.905
1998,Peru,724.238,18.582,0.886,0.0,0.002,0.0,13.808,0.0,0.002,0.126,0.0,13.935,0.0,0.0,1.147,5364.602
1999,Peru,730.485,19.05,0.886,0.0,0.002,0.0,14.541,0.0,0.002,0.139,0.0,14.68,0.0,0.001,1.18,5431.141
2000,Peru,738.362,19.537,0.158,0.119,3.372,3.253,16.006,0.0,0.0,0.158,0.0,16.165,0.0,0.001,1.185,5509.837
2001,Peru,762.045,20.422,0.17,0.099,2.821,2.722,17.43,0.0,0.0,0.17,0.0,17.601,0.0,0.001,1.151,5370.711
2002,Peru,796.209,21.578,0.193,0.124,3.524,3.4,17.86,0.0,0.0,0.193,0.0,18.054,0.0,0.001,1.108,5437.884
2003,Peru,821.571,22.488,0.204,0.138,3.934,3.796,18.349,0.0,0.0,0.204,0.0,18.554,0.0,0.001,1.03,5306.023
2004,Peru,863.273,23.847,0.16,0.223,6.336,6.113,17.35,0.0,0.0,0.16,0.0,17.511,0.0,0.001,1.011,5602.33
2005,Peru,909.354,25.34,0.361,0.249,7.08,6.831,17.898,0.0,0.0,0.361,0.0,18.26,0.0,0.001,0.952,5808.023
2006,Peru,950.966,26.724,0.375,0.241,6.842,6.601,19.506,0.0,0.0,0.375,0.0,19.882,0.0,0.001,0.845,5803.033
2007,Peru,1028.484,29.14,0.45,0.329,9.335,9.006,19.354,0.0,0.0,0.45,0.0,19.805,0.0,0.001,0.836,6311.251
2008,Peru,1120.932,32.016,0.46,0.443,12.598,12.155,18.957,0.0,0.0,0.46,0.0,19.418,0.0,0.001,0.821,6756.58
2009,Peru,1108.848,31.927,0.46,0.424,12.05,11.626,19.416,0.0,0.0,0.46,0.0,19.877,0.0,0.001,0.834,6868.653
2010,Peru,1198.14,34.78,0.673,0.502,14.264,13.762,19.842,0.0,0.0,0.673,0.0,20.516,0.0,0.001,0.825,7677.239
2011,Peru,1298.163,37.989,0.675,0.55,15.942,15.392,21.371,0.0,0.0,0.675,0.0,22.047,0.0,0.001,0.856,8596.346
2012,Peru,1310.938,38.682,0.668,0.58,16.813,16.233,21.14,0.0,0.0,0.668,0.0,21.869,0.06,0.001,0.819,8629.682
2013,Peru,1413.437,42.084,0.96,0.65,18.837,18.187,22.086,0.0,0.0,0.96,0.0,23.247,0.2,0.001,0.81,8756.718
2014,Peru,1468.966,44.201,1.291,0.615,20.473,19.858,21.977,0.0,0.0,1.291,0.0,23.728,0.2,0.26,0.805,8855.557
2015,Peru,1530.817,46.646,0.907,0.644,21.44,20.795,23.474,0.0,0.0,0.907,0.0,25.206,0.23,0.595,0.83,9312.026
2016,Peru,1611.923,49.85,0.556,0.723,24.074,23.351,23.916,0.0,0.0,0.556,0.0,25.776,0.241,1.063,0.849,9748.041
2017,Peru,1625.604,51.116,0.471,0.616,20.515,19.899,28.769,0.0,0.0,0.471,0.0,30.6,0.287,1.073,0.849,9606.984
2018,Peru,1667.888,53.354,0.419,0.609,20.268,19.659,30.415,0.0,0.0,0.419,0.0,33.086,0.75,1.502,0.849,9907.861
2019,Peru,1706.594,55.481,0.53,0.639,21.274,20.635,31.255,0.0,0.0,0.53,0.0,34.207,0.767,1.655,0.849,9924.199
2020,Peru,1573.577,51.884,0.582,0.616,18.302,17.686,30.404,0.0,0.0,0.582,0.0,33.582,0.783,1.812,0.849,9924.199
1984,Suriname,395.41,16.929,0.12,0.0,6.82,1.922,9.969,0.0,4.898,0.12,0.0,10.109,0.02,0.0,0.524,18699.831
1985,Suriname,395.41,16.929,0.12,0.0,6.82,1.922,9.969,0.0,4.898,0.12,0.0,10.109,0.02,0.0,0.524,21757.531
1986,Suriname,395.41,16.929,0.12,0.0,6.82,1.922,9.969,0.0,4.898,0.12,0.0,10.109,0.02,0.0,0.524,20027.277
1987,Suriname,395.41,16.929,0.12,0.0,6.82,1.922,9.969,0.0,4.898,0.12,0.0,10.109,0.02,0.0,0.524,14383.031
1988,Suriname,395.41,16.929,0.12,0.0,6.82,1.922,9.969,0.0,4.898,0.12,0.0,10.109,0.02,0.0,0.524,16513.008
1989,Suriname,395.41,16.929,0.12,0.0,6.82,1.922,9.969,0.0,4.898,0.12,0.0,10.109,0.02,0.0,0.524,21527.966
1990,Suriname,395.41,16.929,0.12,0.0,6.82,1.922,9.969,0.0,4.898,0.12,0.0,10.109,0.02,0.0,0.524,24291.703
1991,Suriname,395.41,16.929,0.12,0.0,6.82,1.922,9.969,0.0,4.898,0.12,0.0,10.109,0.02,0.0,0.524,24325.511
1992,Suriname,395.41,16.929,0.12,0.0,6.82,1.922,9.969,0.0,4.898,0.12,0.0,10.109,0.02,0.0,0.524,23345.245
1993,Suriname,395.41,16.929,0.12,0.0,6.82,1.922,9.969,0.0,4.898,0.12,0.0,10.109,0.02,0.0,0.524,23584.875
1994,Suriname,395.41,16.929,0.12,0.0,6.82,1.922,9.969,0.0,4.898,0.12,0.0,10.109,0.02,0.0,0.524,23230.801
1995,Suriname,395.41,16.929,0.12,0.0,6.82,1.922,9.969,0.0,4.898,0.12,0.0,10.109,0.02,0.0,0.524,22000.82
1996,Suriname,395.41,16.929,0.12,0.0,6.82,1.922,9.969,0.0,4.898,0.12,0.0,10.109,0.02,0.0,0.524,21416.802
1997,Suriname,395.41,16.929,0.12,0.0,6.82,1.922,9.969,0.0,4.898,0.12,0.0,10.109,0.02,0.0,0.524,21720.422
1998,Suriname,395.41,16.929,0.12,0.0,6.82,1.922,9.969,0.0,4.898,0.12,0.0,10.109,0.02,0.0,0.524,21435.611
1999,Suriname,395.41,16.929,0.12,0.0,6.82,1.922,9.969,0.0,4.898,0.12,0.0,10.109,0.02,0.0,0.524,21309.577
2000,Suriname,2966.03,1.397,0.0,0.0,0.687,0.0,0.71,0.0,0.687,0.0,0.0,0.71,0.0,0.0,0.524,17567.588
2001,Suriname,2968.553,1.416,0.0,0.0,0.691,0.0,0.725,0.0,0.691,0.0,0.0,0.725,0.0,0.0,0.524,17059.868
2002,Suriname,2968.88,1.431,0.0,0.0,0.69,0.0,0.741,0.0,0.69,0.0,0.0,0.741,0.0,0.0,0.524,18822.323
2003,Suriname,2959.016,1.444,0.0,0.0,0.692,0.0,0.752,0.0,0.692,0.0,0.0,0.752,0.0,0.0,0.524,16466.878
2004,Suriname,2949.393,1.457,0.0,0.0,0.693,0.0,0.764,0.0,0.693,0.0,0.0,0.764,0.0,0.0,0.524,18506.249
2005,Suriname,3042.084,1.518,0.0,0.0,0.697,0.0,0.821,0.0,0.697,0.0,0.0,0.821,0.0,0.0,0.524,18645.118
2006,Suriname,3095.05,1.563,0.0,0.0,0.701,0.0,0.862,0.0,0.701,0.0,0.0,0.862,0.0,0.0,0.524,20124.511
2007,Suriname,3058.708,1.563,0.0,0.0,0.701,0.0,0.862,0.0,0.701,0.0,0.0,0.862,0.0,0.0,0.524,18604.075
2008,Suriname,3025.145,1.564,0.0,0.0,0.701,0.0,0.863,0.0,0.701,0.0,0.0,0.863,0.0,0.0,0.524,21782.646
2009,Suriname,2994.264,1.566,0.0,0.0,0.703,0.0,0.863,0.0,0.703,0.0,0.0,0.863,0.0,0.0,0.524,21945.997
2010,Suriname,3178.374,1.681,0.0,0.0,0.483,0.0,1.198,0.0,0.483,0.0,0.0,1.198,0.0,0.0,0.524,26061.796
2011,Suriname,3525.963,1.886,0.0,0.0,0.855,0.0,1.031,0.0,0.855,0.0,0.0,1.031,0.0,0.0,0.524,21738.596
2012,Suriname,3503.216,1.895,0.0,0.0,1.071,0.0,0.824,0.0,1.071,0.0,0.0,0.825,0.001,0.0,0.524,24725.288
2013,Suriname,3504.954,1.917,0.0,0.0,1.088,0.0,0.829,0.0,1.088,0.0,0.0,0.83,0.001,0.0,0.524,23449.58
2014,Suriname,3486.854,1.928,0.0,0.0,1.366,0.0,0.553,0.0,1.366,0.0,0.0,0.562,0.009,0.0,0.524,24082.928
2015,Suriname,3475.047,1.943,0.006,0.0,1.46,0.0,0.467,0.0,1.46,0.006,0.0,0.483,0.009,0.0,0.524,23339.43
2016,Suriname,3377.488,1.908,0.006,0.0,1.118,0.0,0.775,0.0,1.118,0.006,0.0,0.791,0.009,0.0,0.524,20463.463
2017,Suriname,3283.732,1.875,0.006,0.0,0.943,0.0,0.917,0.0,0.943,0.006,0.0,0.932,0.009,0.0,0.524,20463.463
2018,Suriname,3279.707,1.889,0.006,0.0,0.883,0.0,0.99,0.0,0.883,0.006,0.0,1.006,0.01,0.0,0.524,20463.463
2019,Suriname,3220.248,1.871,0.006,0.0,0.69,0.0,1.164,0.0,0.69,0.006,0.0,1.181,0.01,0.0,0.524,20463.463
1984,Trinidad and Tobago,548.077,0.057,0.0,0.0,0.057,0.0,0.0,0.0,0.057,0.0,0.0,0.0,0.0,0.0,3.383,49507.747
1985,Trinidad and Tobago,2583.761,3.023,0.0,0.0,0.057,0.0,0.0,0.0,0.057,0.017,0.0,0.017,0.0,0.0,3.53,50508.739
1986,Trinidad and Tobago,2781.91,3.291,0.0,0.0,0.057,0.0,0.0,0.0,0.057,0.026,0.0,0.026,0.0,0.0,4.196,51936.29
1987,Trinidad and Tobago,2912.971,3.481,0.0,0.0,0.057,0.0,0.0,0.0,0.057,0.031,0.0,0.031,0.0,0.0,4.455,48536.374
1988,Trinidad and Tobago,2894.518,3.485,0.0,0.0,0.057,0.0,0.0,0.0,0.057,0.027,0.0,0.027,0.0,0.0,5.274,52942.588
1989,Trinidad and Tobago,2826.051,3.428,0.0,0.0,0.057,0.0,0.0,0.0,0.057,0.026,0.0,0.026,0.0,0.0,5.574,51698.84
1990,Trinidad and Tobago,2929.566,3.577,0.0,0.0,0.057,0.0,0.0,0.0,0.057,0.031,0.0,0.031,0.0,0.0,5.904,56991.942
1991,Trinidad and Tobago,3026.851,3.72,0.0,0.0,0.057,0.0,0.0,0.0,0.057,0.025,0.0,0.025,0.0,0.0,6.564,56451.229
1992,Trinidad and Tobago,3214.228,3.976,0.0,0.0,0.057,0.0,0.0,0.0,0.057,0.03,0.0,0.03,0.0,0.0,6.053,59364.651
1993,Trinidad and Tobago,3068.328,3.817,0.0,0.0,0.057,0.0,0.0,0.0,0.057,0.028,0.0,0.028,0.0,0.0,7.266,62223.464
1994,Trinidad and Tobago,3255.2,4.069,0.0,0.0,0.057,0.0,0.0,0.0,0.057,0.032,0.0,0.032,0.0,0.0,8.155,65624.064
1995,Trinidad and Tobago,3434.609,4.307,0.0,0.0,0.057,0.0,0.0,0.0,0.057,0.033,0.0,0.033,0.0,0.0,8.569,70939.681
1996,Trinidad and Tobago,3609.698,4.541,0.0,0.0,0.057,0.0,0.0,0.0,0.057,0.017,0.0,0.017,0.0,0.0,10.055,80122.644
1997,Trinidad and Tobago,3958.73,4.988,0.0,0.0,0.057,0.0,0.0,0.0,0.057,0.018,0.0,0.018,0.0,0.0,9.785,79974.445
1998,Trinidad and Tobago,4095.88,5.169,0.0,0.0,0.057,0.0,0.0,0.0,0.057,0.018,0.0,0.018,0.0,0.0,9.754,81048.846
1999,Trinidad and Tobago,4151.108,5.247,0.0,0.0,0.057,0.0,0.0,0.0,0.057,0.018,0.0,0.018,0.0,0.0,9.013,89938.044
2000,Trinidad and Tobago,4051.302,5.133,0.02,0.0,5.113,4.093,0.0,0.0,1.02,0.02,0.0,0.02,0.0,0.0,7.489,93786.269
2001,Trinidad and Tobago,4172.17,5.307,0.029,0.0,5.278,4.226,0.0,0.0,1.052,0.029,0.0,0.029,0.0,0.0,8.772,100793.156
2002,Trinidad and Tobago,4155.834,5.307,0.026,0.0,5.281,4.228,0.0,0.0,1.053,0.026,0.0,0.026,0.0,0.0,8.997,108949.204
2003,Trinidad and Tobago,4713.396,6.052,0.012,0.0,6.04,4.836,0.0,0.0,1.204,0.012,0.0,0.012,0.0,0.0,7.803,121484.032
2004,Trinidad and Tobago,4686.822,6.046,0.023,0.0,6.023,4.822,0.0,0.0,1.201,0.023,0.0,0.023,0.0,0.0,7.716,132975.116
2005,Trinidad and Tobago,5121.914,6.638,0.022,0.0,6.614,5.295,0.0,0.0,1.319,0.022,0.0,0.024,0.002,0.0,6.809,141920.013
2006,Trinidad and Tobago,5176.516,6.745,0.026,0.0,6.716,5.377,0.0,0.0,1.339,0.026,0.0,0.029,0.003,0.0,6.873,164869.23
2007,Trinidad and Tobago,5519.878,7.22,0.019,0.0,7.198,5.763,0.0,0.0,1.435,0.019,0.0,0.022,0.003,0.0,6.421,169362.189
2008,Trinidad and Tobago,5533.486,7.271,0.02,0.0,7.248,5.803,0.0,0.0,1.445,0.02,0.0,0.023,0.003,0.0,5.374,166108.712
2009,Trinidad and Tobago,5585.163,7.378,0.019,0.0,7.355,5.888,0.0,0.0,1.467,0.019,0.0,0.023,0.004,0.0,7.681,163859.183
2010,Trinidad and Tobago,6008.961,7.98,0.0,0.0,7.976,6.968,0.0,0.0,1.008,0.0,0.0,0.004,0.004,0.0,7.408,176106.743
2011,Trinidad and Tobago,6172.096,8.246,0.0,0.0,8.242,7.2,0.0,0.0,1.041,0.0,0.0,0.004,0.004,0.0,6.293,171910.958
2012,Trinidad and Tobago,6382.394,8.584,0.0,0.0,8.58,7.496,0.0,0.0,1.084,0.0,0.0,0.004,0.004,0.0,6.076,168104.048
2013,Trinidad and Tobago,6598.922,8.935,0.0,0.0,8.931,7.802,0.0,0.0,1.129,0.0,0.0,0.004,0.004,0.0,6.032,170085.114
2014,Trinidad and Tobago,6829.325,9.302,0.0,0.0,9.298,8.123,0.0,0.0,1.175,0.0,0.0,0.004,0.004,0.0,6.032,168217.042
2015,Trinidad and Tobago,7067.372,9.682,0.0,0.0,9.677,8.454,0.0,0.0,1.223,0.0,0.0,0.005,0.005,0.0,5.889,162264.395
2016,Trinidad and Tobago,6829.202,9.411,0.0,0.0,9.406,8.217,0.0,0.0,1.189,0.0,0.0,0.005,0.005,0.0,5.507,143129.432
2017,Trinidad and Tobago,6745.939,9.336,0.0,0.0,9.331,8.152,0.0,0.0,1.179,0.0,0.0,0.005,0.005,0.0,5.507,151217.565
2018,Trinidad and Tobago,6238.705,8.672,0.0,0.0,8.667,7.572,0.0,0.0,1.095,0.0,0.0,0.005,0.005,0.0,5.507,142575.73
2019,Trinidad and Tobago,5974.886,8.335,0.0,0.0,8.33,7.277,0.0,0.0,1.053,0.0,0.0,0.005,0.005,0.0,5.507,142118.82
1984,Uruguay,5481.651,0.576,0.0,0.0,0.568,0.0,0.0,0.0,0.568,0.0,0.0,0.007,0.007,0.0,1.567,12108.118
1985,Uruguay,5481.651,0.576,0.0,0.0,0.568,0.0,0.0,0.0,0.568,0.0,0.0,0.007,0.007,0.0,1.444,11022.537
1986,Uruguay,5481.651,0.576,0.0,0.0,0.568,0.0,0.0,0.0,0.568,0.0,0.0,0.007,0.007,0.0,1.343,11569.41
1987,Uruguay,5481.651,0.576,0.0,0.0,0.568,0.0,0.0,0.0,0.568,0.0,0.0,0.007,0.007,0.0,1.286,12181.009
1988,Uruguay,5481.651,0.576,0.0,0.0,0.568,0.0,0.0,0.0,0.568,0.0,0.0,0.007,0.007,0.0,1.264,11841.973
1989,Uruguay,5481.651,0.576,0.0,0.0,0.568,0.0,0.0,0.0,0.568,0.0,0.0,0.007,0.007,0.0,1.073,10040.664
1990,Uruguay,5481.651,0.576,0.0,0.0,0.568,0.0,0.0,0.0,0.568,0.0,0.0,0.007,0.007,0.0,1.376,12665.703
1991,Uruguay,5481.651,0.576,0.0,0.0,0.568,0.0,0.0,0.0,0.568,0.0,0.0,0.007,0.007,0.0,1.18,11356.502
1992,Uruguay,5481.651,0.576,0.0,0.0,0.568,0.0,0.0,0.0,0.568,0.0,0.0,0.007,0.007,0.0,1.264,13447.232
1993,Uruguay,5481.651,0.576,0.0,0.0,0.568,0.0,0.0,0.0,0.568,0.0,0.0,0.007,0.007,0.0,1.223,13330.685
1994,Uruguay,5481.651,0.576,0.0,0.0,0.568,0.0,0.0,0.0,0.568,0.0,0.0,0.007,0.007,0.0,1.098,12885.449
1995,Uruguay,5481.651,0.576,0.0,0.0,0.568,0.0,0.0,0.0,0.568,0.0,0.0,0.007,0.007,0.0,0.947,10939.05
1996,Uruguay,5481.651,0.576,0.0,0.0,0.568,0.0,0.0,0.0,0.568,0.0,0.0,0.007,0.007,0.0,0.943,11396.184
1997,Uruguay,5481.651,0.576,0.0,0.0,0.568,0.0,0.0,0.0,0.568,0.0,0.0,0.007,0.007,0.0,1.024,12440.726
1998,Uruguay,5481.651,0.576,0.0,0.0,0.568,0.0,0.0,0.0,0.568,0.0,0.0,0.007,0.007,0.0,1.303,16044.719
1999,Uruguay,5481.651,0.576,0.0,0.0,0.568,0.0,0.0,0.0,0.568,0.0,0.0,0.007,0.007,0.0,1.186,13673.816
2000,Uruguay,2257.229,7.494,0.035,0.0,0.478,0.195,6.981,0.0,0.283,0.035,0.0,7.016,0.0,0.0,1.286,14091.134
2001,Uruguay,2755.489,9.162,0.037,0.0,0.021,0.009,9.104,0.0,0.012,0.037,0.0,9.141,0.0,0.0,1.504,15680.227
2002,Uruguay,2860.192,9.513,0.039,0.0,0.032,0.013,9.442,0.0,0.019,0.039,0.0,9.481,0.0,0.0,1.487,14232.983
2003,Uruguay,2566.185,8.53,0.038,0.0,0.046,0.019,8.446,0.0,0.027,0.038,0.0,8.484,0.0,0.0,1.488,14056.993
2004,Uruguay,1742.547,5.787,0.036,0.0,1.018,0.415,4.733,0.0,0.603,0.036,0.0,4.769,0.0,0.0,1.315,12813.973
2005,Uruguay,2276.34,7.562,0.039,0.0,0.905,0.369,6.618,0.0,0.536,0.039,0.0,6.657,0.0,0.0,1.397,14310.618
2006,Uruguay,1644.211,5.467,0.05,0.0,1.857,0.757,3.56,0.0,1.1,0.05,0.0,3.61,0.0,0.0,1.155,12471.264
2007,Uruguay,2782.653,9.272,0.137,0.0,1.147,0.468,7.988,0.0,0.679,0.137,0.0,8.125,0.0,0.0,1.335,15755.6
2008,Uruguay,2550.395,8.518,0.838,0.0,3.222,1.314,4.455,0.0,1.908,0.838,0.0,5.296,0.0,0.003,1.253,16393.62
2009,Uruguay,2581.397,8.648,0.793,0.0,2.606,1.063,5.207,0.0,1.543,0.793,0.0,6.042,0.0,0.042,1.251,17122.352
2010,Uruguay,3282.626,11.026,1.1,0.0,1.279,0.522,8.579,0.0,0.758,1.1,0.0,9.747,0.0,0.068,1.158,18190.409
2011,Uruguay,3079.098,10.373,1.131,0.0,2.718,1.109,6.414,0.0,1.61,1.131,0.0,7.655,0.0,0.11,1.03,17546.468
2012,Uruguay,3139.615,10.609,1.32,0.0,3.811,1.554,5.367,0.0,2.256,1.32,0.0,6.798,0.0,0.111,0.991,17599.825
2013,Uruguay,3384.703,11.471,1.46,0.0,1.743,0.711,8.124,0.0,1.032,1.46,0.0,9.728,0.0,0.144,1.0,18571.838
2014,Uruguay,3781.718,12.858,1.923,0.0,0.645,0.263,9.553,0.0,0.382,1.923,0.0,12.213,0.004,0.733,0.999,19340.047
2015,Uruguay,3982.298,13.588,2.407,0.0,0.884,0.36,8.183,0.0,0.523,2.407,0.0,12.704,0.049,2.065,1.015,19710.242
2016,Uruguay,4024.071,13.778,2.453,0.0,0.416,0.17,7.764,0.0,0.247,2.453,0.0,13.362,0.151,2.994,1.029,20204.327
2017,Uruguay,4151.114,14.267,2.568,0.0,0.213,0.087,7.443,0.0,0.126,2.568,0.0,14.054,0.269,3.774,1.029,20204.327
2018,Uruguay,4214.311,14.535,2.554,0.0,0.342,0.14,6.491,0.0,0.203,2.554,0.0,14.193,0.416,4.732,1.029,20204.327
2019,Uruguay,4618.596,15.99,2.515,0.0,0.272,0.111,8.027,0.0,0.161,2.515,0.0,15.718,0.423,4.753,1.029,20204.327
2020,Uruguay,3880.991,13.482,2.721,0.0,0.801,0.111,4.067,0.0,0.69,2.721,0.0,12.681,0.458,5.435,1.029,20204.327
1984,Venezuela,248.098,0.074,0.0,0.0,0.064,0.0,0.0,0.0,0.064,0.0,0.0,0.01,0.005,0.005,3.182,28843.19
1985,Venezuela,2730.37,47.29,0.0,0.0,0.064,0.0,22.648,0.0,0.064,0.0,0.0,22.648,0.0,0.0,3.331,28851.878
1986,Venezuela,2819.716,50.112,0.0,0.0,0.064,0.0,25.159,0.0,0.064,0.0,0.0,25.159,0.0,0.0,3.861,30201.325
1987,Venezuela,2968.903,54.132,0.0,0.0,0.064,0.0,30.843,0.0,0.064,0.0,0.0,30.843,0.0,0.0,3.77,29358.307
1988,Venezuela,3114.872,58.245,0.0,0.0,0.064,0.0,34.203,0.0,0.064,0.0,0.0,34.203,0.0,0.0,3.79,29798.12
1989,Venezuela,3006.365,57.62,0.0,0.0,0.064,0.0,34.666,0.0,0.064,0.0,0.0,34.666,0.0,0.0,4.042,29314.894
1990,Venezuela,3021.494,59.321,0.0,0.0,0.064,0.0,36.983,0.0,0.064,0.0,0.0,36.983,0.0,0.0,4.006,30404.293
1991,Venezuela,3151.722,63.337,0.0,0.0,0.064,0.0,44.542,0.0,0.064,0.0,0.0,44.542,0.0,0.0,3.971,29839.737
1992,Venezuela,3280.475,67.44,0.0,0.0,0.064,0.0,47.271,0.0,0.064,0.0,0.0,47.271,0.0,0.0,3.796,31576.206
1993,Venezuela,3301.232,69.382,0.0,0.0,0.064,0.0,47.478,0.0,0.064,0.0,0.0,47.478,0.0,0.0,4.064,30553.799
1994,Venezuela,3316.461,71.221,0.0,0.0,0.064,0.0,51.284,0.0,0.064,0.0,0.0,51.284,0.0,0.0,4.679,32462.782
1995,Venezuela,3348.958,73.446,0.0,0.0,0.064,0.0,51.45,0.0,0.064,0.0,0.0,51.45,0.0,0.0,4.604,32747.13
1996,Venezuela,3376.575,75.588,0.0,0.0,0.064,0.0,53.847,0.0,0.064,0.0,0.0,53.847,0.0,0.0,4.6,31234.396
1997,Venezuela,3418.25,78.066,0.0,0.0,0.064,0.0,57.268,0.0,0.064,0.0,0.0,57.268,0.0,0.0,4.708,32362.426
1998,Venezuela,3473.915,80.904,0.0,0.0,0.064,0.0,57.923,0.0,0.064,0.0,0.0,57.923,0.0,0.0,5.336,33679.005
1999,Venezuela,3394.482,80.585,0.0,0.0,0.064,0.0,60.6,0.0,0.064,0.0,0.0,60.6,0.0,0.0,4.977,31866.026
2000,Venezuela,3440.807,83.24,0.0,0.0,21.042,21.042,62.198,0.0,0.0,0.0,0.0,62.198,0.0,0.0,4.126,31891.243
2001,Venezuela,3559.726,87.733,0.0,0.0,27.888,27.888,59.845,0.0,0.0,0.0,0.0,59.845,0.0,0.0,4.543,33180.852
2002,Venezuela,3452.032,86.646,0.0,0.0,27.706,27.706,58.94,0.0,0.0,0.0,0.0,58.94,0.0,0.0,4.69,32509.579
2003,Venezuela,3493.543,89.267,0.0,0.0,29.34,29.34,59.927,0.0,0.0,0.0,0.0,59.927,0.0,0.0,4.361,28674.974
2004,Venezuela,3701.042,96.216,0.0,0.0,26.842,26.842,69.374,0.0,0.0,0.0,0.0,69.374,0.0,0.0,3.763,31410.03
2005,Venezuela,3835.692,101.385,0.0,0.0,24.928,24.928,76.457,0.0,0.0,0.0,0.0,76.457,0.0,0.0,3.087,32235.781
2006,Venezuela,4018.771,107.904,0.0,0.0,27.12,27.12,80.784,0.0,0.0,0.0,0.0,80.784,0.0,0.0,2.951,35278.352
2007,Venezuela,4104.586,111.842,0.0,0.0,29.614,29.614,82.228,0.0,0.0,0.0,0.0,82.228,0.0,0.0,2.625,34972.919
2008,Venezuela,4214.852,116.482,0.0,0.0,30.509,30.509,85.973,0.0,0.0,0.0,0.0,85.973,0.0,0.0,2.334,35638.321
2009,Venezuela,4163.355,116.703,0.0,0.0,31.601,31.601,85.102,0.0,0.0,0.0,0.0,85.102,0.0,0.0,2.658,34984.443
2010,Venezuela,3895.214,110.78,0.0,0.0,34.766,34.766,76.012,0.0,0.0,0.0,0.0,76.014,0.002,0.0,2.064,32512.027
2011,Venezuela,3983.264,115.069,0.0,0.0,32.234,32.234,82.833,0.0,0.0,0.0,0.0,82.835,0.002,0.0,1.937,33467.535
2012,Venezuela,4035.568,118.488,0.0,0.0,37.266,37.266,81.188,0.0,0.0,0.0,0.0,81.222,0.004,0.03,1.985,34278.464
2013,Venezuela,4030.19,120.023,0.0,0.0,37.238,37.238,82.71,0.0,0.0,0.0,0.0,82.785,0.004,0.071,1.804,32957.863
2014,Venezuela,3339.649,100.333,0.0,0.0,36.612,36.612,63.645,0.0,0.0,0.0,0.0,63.721,0.005,0.071,1.842,31572.89
2015,Venezuela,3961.86,119.181,0.0,0.0,44.953,44.953,74.15,0.0,0.0,0.0,0.0,74.228,0.007,0.071,1.895,30422.2
2016,Venezuela,3505.891,104.654,0.0,0.0,42.247,42.247,62.329,0.0,0.0,0.0,0.0,62.407,0.007,0.071,2.097,27817.912
2017,Venezuela,3420.902,100.581,0.0,0.0,40.601,40.601,59.902,0.0,0.0,0.0,0.0,59.98,0.007,0.071,2.097,26974.738
2018,Venezuela,3346.311,96.665,0.0,0.0,39.019,39.019,57.568,0.0,0.0,0.0,0.0,57.646,0.006,0.071,2.097,23598.421
2019,Venezuela,3126.665,89.16,0.0,0.0,37.042,37.042,52.041,0.0,0.0,0.0,0.0,52.118,0.006,0.071,2.097,21691.926
