iso_code,country,year,coal_share_elec,coal_elec_per_capita,electricity_generation,biofuel_electricity,coal_electricity,fossil_electricity,gas_electricity,hydro_electricity,nuclear_electricity,oil_electricity,other_renewable_electricity,other_renewable_exc_biofuel_electricity,renewables_electricity,solar_electricity,wind_electricity,energy_per_capita,fossil_cons_per_capita,fossil_share_elec,gas_share_elec,gas_elec_per_capita,hydro_share_elec,hydro_elec_per_capita,low_carbon_share_elec,low_carbon_electricity,low_carbon_elec_per_capita,oil_share_elec,oil_elec_per_capita,other_renewables_elec_per_capita,other_renewables_share_elec,per_capita_electricity,population,primary_energy_consumption,renewables_elec_per_capita,renewables_share_elec,solar_share_elec,solar_elec_per_capita,wind_share_elec,wind_elec_per_capita
ARG,Argentina,1998,2.438,50.134,74.17,0.68,1.808,33.639,28.021,32.422,7.453,3.81,0.464,0.0,32.918,0.0,0.033,18700.103,932.779,45.354,37.779,776.996,43.713,899.032,54.431,40.371,1119.464,5.137,105.648,12.863,0.625,2056.666,36063000.0,674.382,912.798,44.382,0.0,0.0,0.044,0.902
ARG,Argentina,1999,2.608,57.751,80.745,0.68,2.106,46.146,40.209,26.53,7.106,3.831,0.65,0.0,27.215,0.0,0.035,18084.557,1265.418,57.15,49.798,1102.614,32.857,727.509,42.506,34.321,941.161,4.745,105.054,17.837,0.806,2214.186,36467000.0,659.49,746.3,33.705,0.0,0.001,0.043,0.954
ARG,Argentina,2000,2.176,50.311,85.24,0.68,1.855,50.054,45.125,28.486,5.985,3.074,0.68,0.0,29.201,0.0,0.035,18608.827,1357.545,58.721,52.939,1223.864,33.419,772.586,41.279,35.186,954.3,3.606,83.371,18.443,0.798,2311.846,36871000.0,686.126,791.977,34.257,0.0,0.0,0.041,0.949
ARG,Argentina,2001,1.657,38.452,86.501,0.62,1.433,42.638,40.126,36.653,6.541,1.079,0.62,0.0,37.322,0.0,0.049,18203.75,1143.857,49.292,46.387,1076.446,42.373,983.287,50.708,43.863,1176.709,1.248,28.96,16.633,0.717,2320.566,37276000.0,678.563,1001.234,43.146,0.0,0.0,0.057,1.315
ARG,Argentina,2002,1.08,23.269,81.156,0.87,0.877,39.331,37.593,35.492,5.39,0.861,0.87,0.0,36.435,0.0,0.073,17144.248,1043.749,48.463,46.322,997.631,43.733,941.882,51.537,41.825,1109.946,1.061,22.849,23.088,1.072,2153.695,37682000.0,646.03,966.907,44.895,0.0,0.0,0.09,1.937
ARG,Argentina,2003,1.117,25.845,88.146,1.0,0.984,46.563,44.487,33.475,7.03,1.092,1.0,0.0,34.553,0.0,0.078,18196.932,1222.508,52.825,50.47,1168.004,37.977,878.886,47.175,41.583,1091.761,1.238,28.659,26.255,1.134,2314.27,38088000.0,693.085,907.189,39.2,0.0,0.0,0.088,2.048
ARG,Argentina,2004,1.783,44.336,95.691,1.2,1.707,56.97,51.058,30.136,7.313,4.205,1.2,0.0,31.408,0.0,0.072,18965.749,1480.038,59.535,53.357,1326.455,31.493,782.916,40.465,38.721,1005.951,4.395,109.248,31.175,1.254,2485.99,38492000.0,730.03,815.964,32.822,0.0,0.002,0.075,1.871
ARG,Argentina,2005,2.201,57.083,100.865,1.3,2.22,59.456,51.126,33.664,6.37,6.11,1.3,0.0,35.039,0.0,0.075,20017.886,1528.705,58.946,50.687,1314.519,33.375,865.554,41.054,41.409,1064.692,6.058,157.103,33.425,1.289,2593.398,38893000.0,778.556,900.91,34.739,0.0,0.002,0.074,1.928
ARG,Argentina,2006,1.89,53.586,111.412,2.8,2.105,63.818,53.009,37.571,7.153,8.703,2.8,0.0,40.441,0.0,0.07,20819.765,1624.281,57.281,47.579,1349.176,33.723,956.248,42.719,47.594,1211.354,7.812,221.519,71.265,2.513,2835.635,39290000.0,818.009,1029.297,36.299,0.0,0.002,0.063,1.782
ARG,Argentina,2007,2.249,62.845,110.869,2.76,2.494,71.263,56.72,30.063,6.722,12.049,2.76,0.0,32.884,0.0,0.061,21522.762,1795.762,64.277,51.16,1429.295,27.116,757.56,35.723,39.606,998.037,10.868,303.622,69.549,2.489,2793.799,39684000.0,854.109,828.649,29.66,0.0,0.003,0.055,1.537
ARG,Argentina,2008,1.701,48.711,114.757,1.576,1.952,76.176,59.414,30.113,6.85,14.809,1.576,0.0,31.731,0.0,0.042,21673.035,1900.592,66.38,51.774,1482.383,26.241,751.322,33.62,38.581,962.602,12.905,369.498,39.321,1.373,2863.194,40080000.0,868.655,791.694,27.651,0.0,0.002,0.037,1.048
ARG,Argentina,2009,1.555,44.676,116.301,1.366,1.809,73.782,56.819,33.527,7.59,15.154,1.366,0.0,34.929,0.0,0.036,21043.171,1822.543,63.441,48.855,1403.529,28.828,828.175,36.559,42.519,1050.295,13.03,374.338,33.743,1.175,2872.838,40483000.0,851.891,862.809,30.033,0.0,0.002,0.031,0.889
ARG,Argentina,2010,2.602,76.116,119.626,1.165,3.113,78.725,58.055,33.019,6.691,17.557,1.165,0.0,34.21,0.0,0.025,21919.694,1925.005,65.81,48.531,1419.58,27.602,807.401,34.19,40.901,1000.112,14.677,429.309,28.487,0.974,2925.117,40896000.0,896.428,836.502,28.597,0.0,0.002,0.021,0.611
ARG,Argentina,2011,2.47,73.382,122.754,1.162,3.032,84.604,61.438,31.034,5.894,20.133,1.162,0.0,32.257,0.002,0.059,22111.154,2047.526,68.921,50.05,1486.891,25.281,751.053,31.079,38.151,923.295,16.401,487.253,28.122,0.947,2970.82,41320000.0,913.633,780.652,26.277,0.002,0.048,0.048,1.428
ARG,Argentina,2012,2.099,64.696,128.693,1.372,2.701,91.876,68.919,28.712,5.903,20.255,1.372,0.0,30.914,0.008,0.822,22504.785,2200.35,71.392,53.553,1650.554,22.311,687.63,28.608,36.817,881.738,15.739,485.099,32.858,1.066,3082.088,41755000.0,939.687,740.366,24.022,0.006,0.192,0.639,19.686
ARG,Argentina,2013,1.84,57.691,132.311,1.314,2.434,91.731,67.365,32.513,5.732,21.931,1.314,0.0,34.849,0.015,1.007,23202.432,2173.923,69.33,50.914,1596.482,24.573,770.514,30.67,40.58,961.707,16.576,519.75,31.14,0.993,3135.63,42196000.0,979.05,825.874,26.338,0.011,0.355,0.761,23.865
ARG,Argentina,2014,2.001,61.781,131.614,0.988,2.634,92.4,69.154,32.332,5.258,20.612,0.988,0.0,33.955,0.016,0.619,22846.498,2167.084,70.206,52.543,1621.887,24.566,758.3,29.794,39.213,919.682,15.661,483.416,23.172,0.751,3086.766,42638000.0,974.129,796.365,25.799,0.012,0.375,0.47,14.518
ARG,Argentina,2015,1.805,57.732,137.8,1.194,2.487,97.54,71.293,31.939,6.519,23.761,1.194,0.0,33.741,0.015,0.593,23123.79,2264.423,70.784,51.736,1655.081,23.178,741.483,29.216,40.26,934.658,17.243,551.61,27.719,0.866,3199.081,43075000.0,996.057,783.317,24.486,0.011,0.348,0.43,13.767
ARG,Argentina,2016,1.419,45.441,139.362,1.214,1.977,100.504,76.574,29.405,7.677,21.953,1.214,0.0,31.181,0.014,0.548,22832.315,2310.009,72.117,54.946,1760.004,21.1,675.852,27.883,38.858,893.123,15.752,504.564,27.903,0.871,3203.131,43508000.0,993.388,716.672,22.374,0.01,0.322,0.393,12.595
ARG,Argentina,2017,1.593,50.114,138.208,1.389,2.202,99.016,84.051,31.459,5.716,12.763,1.389,0.0,33.476,0.016,0.612,22550.74,2253.587,71.642,60.815,1912.997,22.762,716.008,28.358,39.192,892.016,9.234,290.476,31.613,1.005,3145.603,43937000.0,990.812,761.914,24.222,0.012,0.364,0.443,13.929
ARG,Argentina,2018,1.572,49.437,139.48,1.36,2.193,98.184,88.476,31.962,6.453,7.515,1.36,0.0,34.843,0.108,1.413,22172.06,2213.294,70.393,63.433,1994.46,22.915,720.501,29.607,41.296,930.911,5.388,169.397,30.658,0.975,3144.205,44361000.0,983.575,785.446,24.981,0.077,2.435,1.013,31.852
ARG,Argentina,2019,0.558,16.54,132.683,1.724,0.741,89.9,85.787,27.335,7.927,3.372,1.724,0.0,34.856,0.8,4.997,21479.671,2007.542,67.755,64.656,1915.692,20.602,610.413,32.245,42.783,955.38,2.542,75.309,38.498,1.299,2962.922,44781000.0,961.881,778.363,26.27,0.603,17.865,3.766,111.588
ARG,Argentina,2020,1.07,31.988,135.149,1.893,1.446,91.627,86.69,20.854,10.01,3.492,1.893,0.0,33.511,1.344,9.42,21479.671,2027.344,67.797,64.144,1918.092,15.43,461.407,32.203,43.522,962.957,2.584,77.264,41.895,1.401,2990.301,44781000.0,961.881,741.467,24.796,0.995,29.743,6.97,208.421
BOL,Bolivia,1998,0.0,0.0,3.775,0.054,0.0,1.768,1.768,1.953,0.0,0.0,0.054,0.0,2.007,0.0,0.0,4542.972,210.043,46.836,46.836,210.043,51.733,232.003,53.164,2.007,238.418,0.0,0.0,6.415,1.43,448.46,8097000.0,36.784,238.418,53.164,0.0,0.0,0.0,0.0
BOL,Bolivia,1999,0.0,0.0,3.775,0.054,0.0,1.768,1.768,1.953,0.0,0.0,0.054,0.0,2.007,0.0,0.0,5000.679,210.043,46.836,46.836,210.043,51.733,232.003,53.164,2.007,238.418,0.0,0.0,6.415,1.43,448.46,8257000.0,41.291,238.418,53.164,0.0,0.0,0.0,0.0
BOL,Bolivia,2000,0.0,0.0,3.775,0.054,0.0,1.768,1.768,1.953,0.0,0.0,0.054,0.0,2.007,0.0,0.0,5147.586,210.043,46.836,46.836,210.043,51.733,232.003,53.164,2.007,238.418,0.0,0.0,6.415,1.43,448.46,8418000.0,43.332,238.418,53.164,0.0,0.0,0.0,0.0
BOL,Bolivia,2001,0.0,0.0,3.851,0.054,0.0,1.689,1.689,2.108,0.0,0.0,0.054,0.0,2.162,0.0,0.0,4305.691,196.874,43.861,43.861,196.874,54.736,245.688,56.139,2.162,251.981,0.0,0.0,6.294,1.402,448.855,8580000.0,36.943,251.981,56.139,0.0,0.0,0.0,0.0
BOL,Bolivia,2002,0.0,0.0,4.046,0.054,0.0,1.811,1.811,2.181,0.0,0.0,0.054,0.0,2.235,0.0,0.0,4623.534,207.181,44.765,44.765,207.181,53.9,249.457,55.235,2.235,255.633,0.0,0.0,6.176,1.335,462.814,8743000.0,40.424,255.633,55.235,0.0,0.0,0.0,0.0
BOL,Bolivia,2003,0.0,0.0,4.175,0.054,0.0,2.154,2.154,1.967,0.0,0.0,0.054,0.0,2.021,0.0,0.0,6119.649,241.808,51.587,51.587,241.808,47.119,220.862,48.413,2.021,226.926,0.0,0.0,6.063,1.294,468.733,8906000.0,54.502,226.926,48.413,0.0,0.0,0.0,0.0
BOL,Bolivia,2004,0.0,0.0,4.363,0.055,0.0,2.18,2.18,2.128,0.0,0.0,0.055,0.0,2.183,0.0,0.0,6239.658,240.364,49.964,49.964,240.364,48.775,234.645,50.036,2.183,240.71,0.0,0.0,6.065,1.261,481.074,9069000.0,56.587,240.71,50.036,0.0,0.0,0.0,0.0
BOL,Bolivia,2005,0.0,0.0,4.694,0.057,0.0,2.693,2.693,1.944,0.0,0.0,0.057,0.0,2.001,0.0,0.0,6007.822,291.703,57.371,57.371,291.703,41.415,210.572,42.629,2.001,216.746,0.0,0.0,6.174,1.214,508.449,9232000.0,55.464,216.746,42.629,0.0,0.0,0.0,0.0
BOL,Bolivia,2006,0.0,0.0,5.08,0.058,0.0,2.885,2.885,2.137,0.0,0.0,0.058,0.0,2.195,0.0,0.0,6503.713,307.078,56.788,56.788,307.078,42.07,227.491,43.212,2.195,233.665,0.0,0.0,6.173,1.142,540.743,9395000.0,61.102,233.665,43.212,0.0,0.0,0.0,0.0
BOL,Bolivia,2007,0.0,0.0,5.512,0.062,0.0,3.154,3.154,2.296,0.0,0.0,0.062,0.0,2.358,0.0,0.0,6871.343,329.985,57.219,57.219,329.985,41.656,240.229,42.781,2.358,246.716,0.0,0.0,6.487,1.125,576.701,9558000.0,65.676,246.716,42.781,0.0,0.0,0.0,0.0
BOL,Bolivia,2008,0.0,0.0,5.599,0.096,0.0,3.215,3.215,2.287,0.0,0.0,0.096,0.0,2.384,0.001,0.0,6936.628,330.727,57.421,57.421,330.727,40.847,235.264,42.579,2.384,245.242,0.0,0.0,9.876,1.715,575.97,9721000.0,67.431,245.242,42.579,0.018,0.103,0.0,0.0
BOL,Bolivia,2009,0.0,0.0,5.903,0.119,0.0,3.509,3.509,2.273,0.0,0.0,0.119,0.0,2.394,0.002,0.0,6729.47,354.982,59.444,59.444,354.982,38.506,229.944,40.556,2.394,242.185,0.0,0.0,12.038,2.016,597.167,9885000.0,66.521,242.185,40.556,0.034,0.202,0.0,0.0
BOL,Bolivia,2010,0.0,0.0,6.447,0.077,0.0,4.207,4.207,2.16,0.0,0.0,0.077,0.0,2.24,0.003,0.0,6728.254,418.692,65.258,65.258,418.692,33.502,214.947,34.742,2.24,222.908,0.0,0.0,7.662,1.194,641.6,10049000.0,67.612,222.908,34.742,0.047,0.299,0.0,0.0
BOL,Bolivia,2011,0.0,0.0,6.878,0.085,0.0,4.466,4.466,2.324,0.0,0.0,0.085,0.0,2.412,0.003,0.0,6586.994,437.28,64.931,64.931,437.28,33.789,227.553,35.069,2.412,236.17,0.0,0.0,8.323,1.236,673.45,10213000.0,67.273,236.17,35.069,0.044,0.294,0.0,0.0
BOL,Bolivia,2012,0.0,0.0,7.297,0.082,0.0,4.884,4.884,2.328,0.0,0.0,0.082,0.0,2.413,0.003,0.0,8024.79,470.634,66.933,66.933,470.634,31.902,224.321,33.067,2.413,232.511,0.0,0.0,7.901,1.124,703.145,10378000.0,83.281,232.511,33.067,0.041,0.289,0.0,0.0
BOL,Bolivia,2013,0.0,0.0,7.619,0.09,0.0,5.015,5.015,2.51,0.0,0.0,0.09,0.0,2.604,0.003,0.001,8036.692,475.707,65.822,65.822,475.707,32.944,238.095,34.178,2.604,247.012,0.0,0.0,8.537,1.181,722.719,10542000.0,84.723,247.012,34.178,0.039,0.285,0.013,0.095
BOL,Bolivia,2014,0.0,0.0,8.072,0.088,0.0,5.742,5.742,2.228,0.0,0.0,0.088,0.0,2.33,0.006,0.008,7999.507,536.328,71.136,71.136,536.328,27.6,208.088,28.864,2.33,217.615,0.0,0.0,8.219,1.09,753.942,10707000.0,85.651,217.615,28.864,0.074,0.56,0.099,0.747
BOL,Bolivia,2015,0.0,0.0,8.628,0.204,0.0,5.969,5.969,2.438,0.0,0.0,0.204,0.0,2.659,0.005,0.012,7684.553,549.126,69.182,69.182,549.126,28.257,224.287,30.818,2.659,244.618,0.0,0.0,18.767,2.364,793.744,10870000.0,83.531,244.618,30.818,0.058,0.46,0.139,1.104
BOL,Bolivia,2016,0.0,0.0,8.854,0.182,0.0,6.928,6.928,1.703,0.0,0.0,0.182,0.0,1.926,0.006,0.035,8243.057,627.973,78.247,78.247,627.973,19.235,154.369,21.753,1.926,174.583,0.0,0.0,16.497,2.056,802.556,11032000.0,90.937,174.583,21.753,0.068,0.544,0.395,3.173
BOL,Bolivia,2017,0.0,0.0,9.174,0.143,0.0,6.753,6.753,2.212,0.0,0.0,0.143,0.0,2.421,0.006,0.06,8243.057,603.32,73.61,73.61,603.32,24.112,197.624,26.39,2.421,216.296,0.0,0.0,12.776,1.559,819.616,11193000.0,90.937,216.296,26.39,0.065,0.536,0.654,5.36
BOL,Bolivia,2018,0.0,0.0,9.443,0.196,0.0,6.475,6.475,2.586,0.0,0.0,0.196,0.0,2.968,0.127,0.059,8243.057,570.309,68.568,68.568,570.309,27.386,227.781,31.432,2.968,261.429,0.0,0.0,17.264,2.076,831.738,11353000.0,90.937,261.429,31.432,1.345,11.186,0.625,5.197
BOL,Bolivia,2019,0.0,0.0,9.739,0.269,0.0,5.991,5.991,3.22,0.0,0.0,0.269,0.0,3.748,0.189,0.07,8243.057,520.335,61.511,61.511,520.335,33.067,279.725,38.489,3.748,325.586,0.0,0.0,23.365,2.762,845.921,11513000.0,90.937,325.586,38.489,1.941,16.416,0.719,6.08
BOL,Bolivia,2020,0.0,0.0,9.421,0.269,0.0,5.921,5.921,2.915,0.0,0.0,0.269,0.0,3.5,0.252,0.064,8243.057,507.235,62.85,62.85,507.235,30.942,249.722,37.15,3.5,299.821,0.0,0.0,23.045,2.855,807.056,11513000.0,90.937,299.821,37.15,2.673,21.573,0.679,5.482
BRA,Brazil,1998,2.167,41.073,321.749,7.844,6.974,19.504,1.321,291.469,3.265,11.21,7.505,0.0,298.979,0.0,0.005,12711.71,114.876,6.062,0.411,7.78,90.589,1716.695,93.938,302.244,1780.159,3.484,66.022,44.204,2.333,1895.036,169784992.0,2158.258,1760.929,92.923,0.0,0.0,0.002,0.029
BRA,Brazil,1999,3.012,58.505,334.726,7.844,10.081,29.371,2.653,293.0,3.977,16.637,8.376,0.0,301.378,0.0,0.002,12748.907,170.447,8.775,0.793,15.395,87.534,1700.335,91.225,305.355,1772.033,4.97,96.547,48.608,2.502,1942.48,172319008.0,2196.879,1748.954,90.037,0.0,0.0,0.001,0.012
BRA,Brazil,2000,3.064,60.042,342.574,7.844,10.495,28.428,3.777,301.359,4.94,14.156,7.844,0.0,309.205,0.0,0.002,12780.446,162.643,8.298,1.103,21.61,87.969,1724.12,91.702,314.145,1797.272,4.132,80.991,44.877,2.29,1959.915,174790000.0,2233.894,1769.009,90.259,0.0,0.001,0.001,0.011
BRA,Brazil,2001,3.31,60.365,323.168,8.98,10.696,34.688,9.217,265.197,14.268,14.775,8.98,0.0,274.212,0.0,0.035,12359.504,195.76,10.734,2.852,52.015,82.062,1496.631,89.266,288.48,1628.028,4.572,83.38,50.678,2.779,1823.788,177196000.0,2190.055,1547.507,84.851,0.0,0.001,0.011,0.198
BRA,Brazil,2002,2.604,49.352,340.297,10.219,8.861,32.946,11.525,283.231,13.84,12.56,10.219,0.0,293.511,0.0,0.061,12486.084,183.505,9.682,3.387,64.193,83.23,1577.555,90.318,307.351,1711.9,3.691,69.96,56.918,3.003,1895.405,179538000.0,2241.726,1634.813,86.251,0.0,0.001,0.018,0.34
BRA,Brazil,2003,2.446,48.275,358.896,11.894,8.777,30.981,12.157,302.56,13.4,10.047,11.894,0.0,314.515,0.0,0.061,12548.229,170.401,8.632,3.387,66.864,84.303,1664.164,91.368,327.915,1803.624,2.799,55.262,65.42,3.314,1974.026,181808992.0,2281.381,1729.92,87.634,0.0,0.001,0.017,0.336
BRA,Brazil,2004,2.655,55.01,381.182,12.476,10.122,39.456,17.88,317.589,11.6,11.453,12.476,0.0,330.126,0.0,0.061,13004.357,214.425,10.351,4.691,97.173,83.317,1725.971,89.649,341.726,1857.147,3.005,62.242,67.802,3.273,2071.572,184006000.0,2392.88,1794.105,86.606,0.0,0.001,0.016,0.332
BRA,Brazil,2005,2.676,56.901,395.721,13.591,10.591,38.758,17.345,334.082,9.197,10.823,13.591,0.0,347.766,0.0,0.093,13219.786,208.235,9.794,4.383,93.187,84.424,1794.914,90.206,356.963,1917.847,2.735,58.146,73.02,3.434,2126.082,186127008.0,2460.559,1868.435,87.882,0.0,0.001,0.024,0.5
BRA,Brazil,2006,2.504,54.811,411.925,14.723,10.314,38.664,16.886,345.317,12.984,11.465,14.723,0.0,360.277,0.0,0.237,13402.931,205.477,9.386,4.099,89.737,83.83,1835.162,90.614,373.261,1983.67,2.783,60.929,78.244,3.574,2189.147,188167008.0,2521.989,1914.667,87.462,0.0,0.001,0.058,1.26
BRA,Brazil,2007,2.353,54.114,437.187,18.025,10.289,36.591,14.156,370.275,11.65,12.147,18.025,0.0,388.945,0.0,0.645,14076.064,192.455,8.37,3.238,74.452,84.695,1947.483,91.63,400.595,2106.954,2.778,63.889,94.804,4.123,2299.409,190130000.0,2676.282,2045.68,88.965,0.0,0.001,0.148,3.392
BRA,Brazil,2008,2.524,59.763,454.678,19.817,11.476,54.953,27.059,365.861,13.209,16.418,19.817,0.0,386.515,0.0,0.837,14551.581,286.171,12.086,5.951,140.912,80.466,1905.228,87.914,399.724,2081.572,3.611,85.496,103.197,4.358,2367.742,192030000.0,2794.34,2012.786,85.009,0.0,0.001,0.184,4.359
BRA,Brazil,2009,2.104,49.764,458.666,22.602,9.649,35.524,12.431,387.078,12.224,13.444,22.602,0.0,410.918,0.0,1.238,14296.021,183.218,7.745,2.71,64.112,84.392,1996.41,92.255,423.142,2182.416,2.931,69.342,116.573,4.928,2365.634,193887008.0,2771.813,2119.369,89.59,0.0,0.001,0.27,6.385
BRA,Brazil,2010,2.166,56.073,506.748,31.495,10.974,60.045,34.293,399.256,13.774,14.778,31.495,0.0,432.929,0.001,2.177,15585.781,306.801,11.849,6.767,175.22,78.788,2039.997,88.151,446.703,2282.427,2.916,75.509,160.924,6.215,2589.229,195714000.0,3050.355,2212.049,85.433,0.0,0.005,0.43,11.123
BRA,Brazil,2011,2.356,62.4,523.12,32.434,12.325,49.134,23.517,424.05,14.795,13.292,32.434,0.0,459.191,0.002,2.705,16148.863,248.76,9.392,4.495,119.062,81.062,2146.925,90.608,473.986,2399.747,2.541,67.298,164.21,6.2,2648.507,197515008.0,3189.643,2324.841,87.779,0.0,0.01,0.517,13.695
BRA,Brazil,2012,2.566,69.915,542.895,35.645,13.933,75.834,44.158,411.189,15.17,17.742,35.645,0.0,451.891,0.007,5.05,16291.789,380.524,13.968,8.134,221.581,75.74,2063.301,86.032,467.061,2343.66,3.268,89.029,178.863,6.566,2724.184,199287008.0,3246.742,2267.539,83.237,0.001,0.035,0.93,25.34
BRA,Brazil,2013,3.765,104.764,559.372,40.762,21.061,110.298,65.139,387.082,14.645,24.098,40.762,0.0,434.429,0.005,6.58,16761.084,548.647,19.718,11.645,324.016,69.199,1925.436,80.282,449.074,2233.799,4.308,119.867,202.76,7.287,2782.446,201036000.0,3369.581,2160.951,77.664,0.001,0.025,1.176,32.73
BRA,Brazil,2014,4.466,127.255,577.739,46.688,25.803,134.657,76.654,369.705,14.463,32.2,46.688,0.0,428.619,0.016,12.21,16989.477,664.106,23.308,13.268,378.048,63.992,1823.327,76.692,443.082,2185.21,5.573,158.804,230.258,8.081,2849.317,202764000.0,3444.854,2113.881,74.189,0.003,0.079,2.113,60.218
BRA,Brazil,2015,4.545,126.416,568.688,49.446,25.849,127.515,74.979,356.146,13.892,26.687,49.446,0.0,427.281,0.059,21.63,16619.27,623.629,22.423,13.185,366.695,62.626,1741.784,77.577,441.173,2157.621,4.693,130.519,241.823,8.695,2781.25,204472000.0,3398.175,2089.68,75.135,0.01,0.289,3.803,105.785
BRA,Brazil,2016,4.324,119.133,567.965,50.936,24.561,91.381,53.096,377.102,14.97,13.725,50.936,0.0,461.613,0.085,33.49,16058.664,443.247,16.089,9.348,257.542,66.395,1829.145,83.911,476.583,2311.683,2.416,66.572,247.067,8.968,2754.93,206163008.0,3310.703,2239.068,81.275,0.015,0.412,5.896,162.444
BRA,Brazil,2017,4.191,116.538,577.962,52.539,24.221,100.169,61.657,367.197,14.854,14.292,52.539,0.0,462.938,0.832,42.37,16123.593,481.967,17.331,10.668,296.664,63.533,1766.78,82.669,477.792,2298.913,2.473,68.765,252.793,9.09,2780.881,207834000.0,3351.031,2227.441,80.098,0.144,4.003,7.331,203.865
BRA,Brazil,2018,3.759,106.177,591.61,53.911,22.241,85.008,51.345,385.081,15.674,11.422,53.911,0.0,490.928,3.461,48.475,16091.379,405.826,14.369,8.679,245.121,65.09,1838.368,85.631,506.602,2418.506,1.931,54.529,257.37,9.113,2824.332,209468992.0,3370.645,2343.679,82.982,0.585,16.523,8.194,231.419
BRA,Brazil,2019,4.027,117.42,615.353,54.514,24.782,89.076,56.701,393.898,15.224,7.593,54.514,0.0,511.053,6.655,55.986,16325.047,422.062,14.476,9.214,268.664,64.012,1866.373,85.524,526.277,2493.613,1.234,35.978,258.299,8.859,2915.675,211050000.0,3445.401,2421.478,83.05,1.081,31.533,9.098,265.274
BRA,Brazil,2020,3.598,102.532,605.727,54.742,21.794,82.366,52.24,391.199,13.15,8.332,54.742,0.0,510.211,7.593,56.678,16325.047,387.495,13.598,8.624,245.766,64.583,1840.42,86.402,523.361,2462.187,1.375,39.197,257.535,9.037,2849.682,211050000.0,3445.401,2400.323,84.231,1.254,35.723,9.357,266.644
CHL,Chile,1998,21.845,567.796,35.495,0.941,8.711,19.384,5.397,15.937,0.0,5.276,1.161,0.0,17.098,0.0,0.0,18569.82,1263.443,48.608,13.534,351.771,44.9,1064.044,48.171,17.098,1141.558,13.23,343.876,77.514,3.271,2369.809,14978000.0,278.139,1141.558,48.171,0.0,0.0,0.0,0.0
CHL,Chile,1999,21.845,567.796,38.384,0.941,8.711,19.384,5.397,13.577,0.0,5.276,1.45,0.0,15.027,0.0,0.0,19130.87,1263.443,48.608,13.534,351.771,35.372,895.403,39.149,15.027,991.031,13.23,343.876,95.628,3.778,2531.425,15163000.0,290.081,991.031,39.149,0.0,0.0,0.0,0.0
CHL,Chile,2000,21.845,567.796,39.878,0.941,8.711,19.384,5.397,19.553,0.0,5.276,0.941,0.0,20.494,0.0,0.0,19990.595,1263.443,48.608,13.534,351.771,49.032,1274.475,51.392,20.494,1335.81,13.23,343.876,61.335,2.36,2599.253,15342000.0,306.696,1335.81,51.392,0.0,0.0,0.0,0.0
CHL,Chile,2001,19.968,529.628,41.154,2.068,8.218,18.286,5.091,20.793,0.0,4.977,2.068,0.0,22.868,0.0,0.007,19899.201,1178.514,44.433,12.371,328.125,50.525,1340.101,55.567,22.868,1473.833,12.093,320.761,133.282,5.025,2652.347,15516000.0,308.756,1473.833,55.567,0.0,0.0,0.017,0.451
CHL,Chile,2002,19.438,524.009,42.281,1.944,8.219,18.288,5.092,22.042,0.0,4.977,1.944,0.0,23.993,0.0,0.007,20374.826,1166.01,43.253,12.043,324.643,52.133,1405.381,56.747,23.993,1529.776,11.772,317.358,123.948,4.598,2695.786,15684000.0,319.559,1529.776,56.747,0.0,0.0,0.017,0.446
CHL,Chile,2003,21.809,622.092,45.212,1.807,9.86,21.941,6.109,21.457,0.0,5.972,1.807,0.0,23.271,0.0,0.007,20045.612,1384.261,48.529,13.511,385.409,47.459,1353.754,51.471,23.271,1468.202,13.208,376.76,114.006,3.997,2852.463,15850000.0,317.723,1468.202,51.471,0.0,0.0,0.015,0.442
CHL,Chile,2004,23.273,717.237,49.357,2.031,11.487,25.56,7.116,21.759,0.0,6.957,2.031,0.0,23.797,0.0,0.007,20848.696,1595.975,51.786,14.418,444.355,44.085,1358.664,48.214,23.797,1485.919,14.095,434.383,126.819,4.115,3081.894,16015000.0,333.892,1485.919,48.214,0.0,0.0,0.014,0.437
CHL,Chile,2005,20.141,631.819,50.767,1.79,10.225,22.752,6.335,26.218,0.0,6.192,1.79,0.0,28.015,0.0,0.007,21439.446,1405.905,44.816,12.478,391.435,51.644,1620.095,55.184,28.015,1731.138,12.198,382.651,110.61,3.526,3137.043,16183000.0,346.955,1731.138,55.184,0.0,0.0,0.014,0.433
CHL,Chile,2006,19.529,639.354,53.544,1.431,10.457,23.268,6.478,28.838,0.0,6.333,1.431,0.0,30.276,0.0,0.007,22652.492,1422.673,43.456,12.099,396.104,53.859,1763.253,56.544,30.276,1851.177,11.828,387.215,87.496,2.673,3273.85,16355000.0,370.482,1851.177,56.544,0.0,0.0,0.013,0.428
CHL,Chile,2007,24.509,835.014,56.318,2.696,13.803,30.714,8.551,22.899,0.0,8.359,2.696,0.0,25.604,0.0,0.009,22898.752,1858.05,54.536,15.184,517.323,40.66,1385.299,45.464,25.604,1548.941,14.843,505.713,163.097,4.787,3406.991,16530000.0,378.516,1548.941,45.464,0.0,0.0,0.016,0.544
CHL,Chile,2008,23.789,818.938,57.519,3.083,13.683,30.447,8.477,23.951,0.0,8.287,3.083,0.0,27.072,0.0,0.038,22455.155,1822.277,52.933,14.738,507.363,41.64,1433.505,47.067,27.072,1620.302,14.407,495.976,184.522,5.36,3442.578,16708000.0,375.181,1620.302,47.067,0.0,0.0,0.066,2.274
CHL,Chile,2009,22.363,774.931,58.513,4.274,13.085,29.117,8.107,25.043,0.0,7.925,4.274,0.0,29.396,0.0,0.079,21758.989,1724.354,49.762,13.855,480.099,42.799,1483.063,50.238,29.396,1740.85,13.544,469.324,253.109,7.304,3465.204,16886000.0,367.422,1740.85,50.238,0.0,0.0,0.135,4.678
CHL,Chile,2010,26.201,891.918,58.084,2.247,15.219,33.864,9.429,21.641,0.0,9.217,2.247,0.0,24.22,0.0,0.332,21627.539,1984.671,58.302,16.233,552.577,37.258,1268.3,41.698,24.22,1419.446,15.868,540.176,131.688,3.869,3404.117,17063000.0,369.031,1419.446,41.698,0.0,0.0,0.572,19.457
CHL,Chile,2011,26.507,972.954,63.259,4.673,16.768,37.311,10.388,20.937,0.0,10.155,4.673,0.0,25.948,0.0,0.338,23279.862,2164.989,58.982,16.422,602.781,33.097,1214.866,41.018,25.948,1505.628,16.053,589.254,271.15,7.387,3670.617,17234000.0,401.205,1505.628,41.018,0.0,0.0,0.534,19.612
CHL,Chile,2012,27.988,1076.249,66.91,4.854,18.727,41.67,11.602,19.977,0.0,11.342,4.854,0.0,25.24,0.0,0.409,23570.77,2394.839,62.278,17.34,666.777,29.856,1148.103,37.722,25.24,1450.575,16.95,651.813,278.966,7.254,3845.414,17400000.0,410.131,1450.575,37.722,0.0,0.0,0.611,23.506
CHL,Chile,2013,28.256,1126.08,70.031,5.761,19.787,44.031,12.259,19.678,0.0,11.984,5.761,0.0,26.0,0.008,0.553,23571.504,2505.722,62.873,17.505,697.649,28.099,1119.85,37.127,26.0,1479.627,17.112,681.992,327.851,8.226,3985.348,17572000.0,414.198,1479.627,37.127,0.011,0.455,0.79,31.471
CHL,Chile,2014,25.005,954.182,67.768,5.327,16.945,37.706,10.498,22.814,0.0,10.263,5.327,0.0,30.062,0.48,1.441,22875.258,2123.218,55.64,15.491,591.151,33.665,1284.644,44.36,30.062,1692.775,15.144,577.885,299.961,7.861,3815.993,17759000.0,406.242,1692.775,44.36,0.708,27.029,2.126,81.142
CHL,Chile,2015,24.83,999.5,72.332,5.615,17.96,39.964,11.127,23.403,0.0,10.877,5.615,0.0,32.368,1.238,2.112,23114.865,2224.058,55.251,15.383,619.227,32.355,1302.41,44.749,32.368,1801.325,15.038,605.331,312.483,7.763,4025.383,17969000.0,415.351,1801.325,44.749,1.712,68.896,2.92,117.536
CHL,Chile,2016,24.977,1043.722,76.091,5.957,19.005,42.29,11.774,22.808,0.0,11.51,5.957,0.0,33.801,2.59,2.446,23931.914,2322.459,55.578,15.474,646.625,29.975,1252.567,44.422,33.801,1856.28,15.127,632.113,327.146,7.829,4178.739,18209000.0,435.776,1856.28,44.422,3.404,142.237,3.215,134.329
CHL,Chile,2017,24.679,1018.703,76.242,6.062,18.815,41.868,11.657,20.889,0.0,11.395,6.126,0.064,34.374,3.843,3.516,23759.387,2266.789,54.914,15.289,631.125,27.398,1130.969,45.086,34.374,1861.072,14.946,616.961,331.673,8.035,4127.861,18470000.0,438.836,1861.072,45.086,5.041,208.067,4.612,190.363
CHL,Chile,2018,23.628,997.804,79.091,5.689,18.688,41.584,11.578,22.899,0.0,11.318,5.903,0.214,37.507,5.122,3.583,24630.23,2220.285,52.577,14.639,618.177,28.953,1222.649,47.423,37.507,2002.616,14.31,604.304,315.18,7.464,4222.901,18729000.0,461.3,2002.616,47.423,6.476,273.48,4.53,191.308
CHL,Chile,2019,24.056,995.358,78.416,4.352,18.864,41.976,11.687,20.665,0.0,11.425,4.553,0.201,36.44,6.136,5.086,24269.273,2214.843,53.53,14.904,616.662,26.354,1090.4,46.47,36.44,1922.744,14.569,602.823,240.238,5.806,4137.587,18952000.0,459.951,1922.744,46.47,7.825,323.765,6.485,268.341
CHL,Chile,2020,22.209,915.809,78.829,4.352,17.507,40.477,11.26,20.484,0.0,11.71,4.598,0.246,38.352,7.466,5.803,24269.273,2117.41,51.348,14.285,589.048,25.986,1071.562,48.652,38.352,2006.242,14.855,612.552,240.541,5.833,4123.652,18952000.0,459.951,2006.242,48.652,9.471,390.561,7.362,303.578
COL,Colombia,1998,5.844,62.195,50.283,0.496,2.465,9.922,6.945,30.782,0.0,0.511,0.532,0.0,31.314,0.0,0.0,8905.17,250.358,23.524,16.468,175.258,61.217,802.359,62.275,31.314,816.226,1.213,12.906,13.867,1.058,1310.686,38364000.0,341.638,816.226,62.275,0.0,0.0,0.0,0.0
COL,Colombia,1999,5.844,62.195,47.775,0.496,2.465,9.922,6.945,33.701,0.0,0.511,0.457,0.0,34.158,0.0,0.0,8102.903,250.358,23.524,16.468,175.258,70.541,864.142,71.497,34.158,875.86,1.213,12.906,11.718,0.957,1225.024,38999000.0,316.005,875.86,71.497,0.0,0.0,0.0,0.0
COL,Colombia,2000,5.844,62.195,42.177,0.496,2.465,9.922,6.945,31.753,0.0,0.511,0.496,0.0,32.255,0.006,0.0,7770.591,250.358,23.524,16.468,175.258,75.286,801.236,76.476,32.255,813.904,1.213,12.906,12.516,1.176,1064.262,39630000.0,307.949,813.904,76.476,0.014,0.151,0.0,0.0
COL,Colombia,2001,7.64,80.585,42.461,0.496,3.244,10.479,6.739,31.48,0.0,0.496,0.496,0.0,31.982,0.006,0.0,7526.846,260.312,24.679,15.871,167.4,74.138,781.995,75.321,31.982,794.465,1.169,12.327,12.321,1.168,1054.777,40256000.0,303.001,794.465,75.321,0.014,0.149,0.0,0.0
COL,Colombia,2002,6.988,75.343,44.073,0.491,3.08,9.948,6.397,33.628,0.0,0.471,0.491,0.0,34.125,0.006,0.0,7385.355,243.377,22.572,14.515,156.509,76.301,822.703,77.428,34.125,834.862,1.069,11.525,12.012,1.114,1078.239,40875000.0,301.876,834.862,77.428,0.014,0.147,0.0,0.0
COL,Colombia,2003,6.301,69.249,45.594,0.495,2.873,9.28,5.968,35.812,0.0,0.439,0.495,0.0,36.314,0.007,0.0,7533.354,223.693,20.353,13.088,143.851,78.546,863.273,79.647,36.314,875.374,0.964,10.593,11.932,1.086,1099.067,41484000.0,312.514,875.374,79.647,0.015,0.169,0.0,0.0
COL,Colombia,2004,5.443,63.095,48.778,0.467,2.655,8.576,5.515,39.676,0.0,0.406,0.467,0.0,40.202,0.007,0.052,7558.377,203.813,17.581,11.306,131.066,81.341,942.96,82.419,40.202,955.462,0.833,9.652,11.099,0.957,1159.274,42076000.0,318.026,955.462,82.419,0.014,0.166,0.107,1.236
COL,Colombia,2005,5.886,68.11,49.347,0.503,2.905,9.383,6.034,39.405,0.0,0.444,0.503,0.0,39.964,0.007,0.049,7472.091,220.012,19.014,12.228,141.484,79.853,923.959,80.986,39.964,937.066,0.9,10.419,11.794,1.019,1157.078,42648000.0,318.67,937.066,80.986,0.014,0.164,0.099,1.149
COL,Colombia,2006,5.765,70.377,52.736,0.53,3.04,9.821,6.316,42.315,0.0,0.465,0.53,0.0,42.915,0.007,0.063,8269.183,227.335,18.623,11.976,146.193,80.239,979.491,81.377,42.915,993.38,0.882,10.766,12.268,1.005,1220.715,43201000.0,357.237,993.38,81.377,0.013,0.162,0.119,1.458
COL,Colombia,2007,5.487,67.996,54.196,0.532,2.974,9.607,6.178,44.001,0.0,0.455,0.532,0.0,44.589,0.007,0.049,8196.163,219.644,17.726,11.399,141.247,81.189,1006.013,82.274,44.589,1019.457,0.839,10.401,12.163,0.982,1239.101,43738000.0,358.484,1019.457,82.274,0.013,0.16,0.09,1.12
COL,Colombia,2008,4.744,58.91,54.958,0.537,2.607,8.421,5.416,45.939,0.0,0.399,0.537,0.0,46.537,0.007,0.054,8749.594,190.294,15.323,9.854,122.373,83.589,1038.052,84.677,46.537,1051.565,0.726,9.011,12.134,0.977,1241.859,44255000.0,387.213,1051.565,84.677,0.013,0.158,0.098,1.22
COL,Colombia,2009,8.096,101.053,55.854,0.541,4.522,14.608,9.394,40.64,0.0,0.692,0.541,0.0,41.246,0.007,0.058,8253.241,326.427,26.153,16.819,209.916,72.762,908.156,73.847,41.246,921.698,1.238,15.458,12.089,0.969,1248.125,44750000.0,369.333,921.698,73.847,0.013,0.156,0.104,1.296
COL,Colombia,2010,8.307,106.604,58.034,2.417,4.821,15.573,10.015,39.997,0.0,0.737,2.417,0.0,42.461,0.008,0.039,8741.427,344.36,26.834,17.256,221.448,68.92,884.439,73.166,42.461,938.925,1.271,16.307,53.446,4.165,1283.285,45223000.0,395.314,938.925,73.166,0.014,0.177,0.067,0.862
COL,Colombia,2011,4.899,64.282,59.918,1.999,2.935,9.482,6.097,48.389,0.0,0.449,1.999,0.0,50.436,0.008,0.04,9052.9,207.647,15.825,10.176,133.532,80.759,1059.698,84.175,50.436,1104.527,0.749,9.833,43.777,3.336,1312.174,45663000.0,413.383,1104.527,84.175,0.013,0.175,0.067,0.876
COL,Colombia,2012,6.071,80.511,61.105,1.953,3.71,11.983,7.706,47.106,0.0,0.567,1.953,0.0,49.122,0.008,0.055,9600.805,260.073,19.611,12.611,167.246,77.09,1022.354,80.389,49.122,1066.108,0.929,12.316,42.386,3.196,1326.181,46076000.0,442.367,1066.108,80.389,0.013,0.174,0.09,1.194
COL,Colombia,2013,9.127,141.615,72.142,1.048,6.584,21.269,13.678,49.757,0.0,1.007,1.048,0.0,50.873,0.008,0.06,9645.844,457.455,29.483,18.959,294.177,68.971,1070.158,70.517,50.873,1094.161,1.396,21.663,22.54,1.453,1551.616,46495000.0,448.483,1094.161,70.517,0.011,0.172,0.083,1.29
COL,Colombia,2014,9.146,134.917,69.286,1.347,6.337,20.469,13.163,47.391,0.0,0.969,1.347,0.0,48.817,0.009,0.07,10067.117,435.817,29.543,18.998,280.262,68.399,1009.006,70.457,48.817,1039.367,1.399,20.638,28.679,1.944,1475.184,46968000.0,472.832,1039.367,70.457,0.013,0.192,0.101,1.49
COL,Colombia,2015,10.886,175.011,76.395,1.371,8.317,26.865,17.276,48.082,0.0,1.272,1.371,0.0,49.53,0.009,0.068,10007.479,565.333,35.166,22.614,363.551,62.939,1011.805,64.834,49.53,1042.276,1.665,26.771,28.85,1.795,1607.609,47521000.0,475.565,1042.276,64.834,0.012,0.189,0.089,1.431
COL,Colombia,2016,10.194,158.15,74.737,1.462,7.619,24.611,15.827,48.605,0.0,1.165,1.462,0.0,50.126,0.009,0.05,10418.751,510.868,32.93,21.177,328.526,65.035,1008.926,67.07,50.126,1040.498,1.559,24.192,30.348,1.956,1551.366,48175000.0,501.923,1040.498,67.07,0.012,0.187,0.067,1.038
COL,Colombia,2017,6.688,106.214,77.681,1.427,5.195,15.417,9.521,60.82,0.0,0.701,1.427,0.0,62.264,0.014,0.003,10445.488,315.21,19.847,12.256,194.662,78.295,1243.502,80.153,62.264,1273.025,0.903,14.335,29.176,1.837,1588.236,48910000.0,510.889,1273.025,80.153,0.018,0.286,0.004,0.061
COL,Colombia,2018,7.492,118.046,78.252,1.458,5.862,17.398,10.744,59.333,0.0,0.791,1.458,0.0,60.855,0.021,0.043,10361.17,350.326,22.233,13.73,216.348,75.822,1194.754,77.767,60.855,1225.402,1.011,15.932,29.359,1.863,1575.727,49661000.0,514.546,1225.402,77.767,0.027,0.423,0.055,0.866
COL,Colombia,2019,8.776,130.828,75.04,1.317,6.586,19.544,12.07,53.987,0.0,0.889,1.317,0.0,55.496,0.132,0.06,10618.229,388.257,26.045,16.085,239.773,71.944,1072.462,73.955,55.496,1102.439,1.184,17.657,26.163,1.755,1490.696,50339000.0,534.511,1102.439,73.955,0.176,2.622,0.08,1.192
COL,Colombia,2020,10.637,155.236,74.257,1.341,7.899,23.332,14.616,49.387,0.0,0.817,1.341,0.0,50.926,0.191,0.007,10618.229,458.541,31.42,19.683,287.245,66.508,970.602,68.58,50.926,1000.84,1.101,16.061,26.355,1.806,1459.38,50339000.0,534.511,1000.84,68.58,0.257,3.749,0.009,0.133
ECU,Ecuador,1998,0.0,0.0,10.89,0.0,0.0,2.823,1.581,6.506,0.0,1.242,0.0,0.0,6.506,0.0,0.0,9810.539,222.602,27.258,15.265,124.66,59.742,533.374,59.742,6.506,533.374,11.993,97.942,0.0,0.0,892.798,12198000.0,119.669,533.374,59.742,0.0,0.0,0.0,0.0
ECU,Ecuador,1999,0.0,0.0,10.308,0.0,0.0,2.823,1.581,7.177,0.0,1.242,0.0,0.0,7.177,0.0,0.0,8755.233,222.602,27.258,15.265,124.66,69.622,576.814,69.622,7.177,576.814,11.993,97.942,0.0,0.0,828.494,12442000.0,108.933,576.814,69.622,0.0,0.0,0.0,0.0
ECU,Ecuador,2000,0.0,0.0,10.356,0.0,0.0,2.823,1.581,7.533,0.0,1.242,0.0,0.0,7.533,0.0,0.0,8102.576,222.602,27.258,15.265,124.66,72.742,594.038,72.742,7.533,594.038,11.993,97.942,0.0,0.0,816.641,12681000.0,102.749,594.038,72.742,0.0,0.0,0.0,0.0
ECU,Ecuador,2001,0.0,0.0,10.74,0.0,0.0,3.74,2.095,7.0,0.0,1.646,0.0,0.0,7.0,0.0,0.0,8068.393,289.606,34.825,19.502,162.183,65.175,542.005,65.175,7.0,542.005,15.322,127.423,0.0,0.0,831.611,12915000.0,104.203,542.005,65.175,0.0,0.0,0.0,0.0
ECU,Ecuador,2002,0.0,0.0,11.551,0.0,0.0,4.101,2.297,7.45,0.0,1.804,0.0,0.0,7.45,0.0,0.0,7818.3,312.046,35.505,19.883,174.75,64.495,566.842,64.495,7.45,566.842,15.622,137.296,0.0,0.0,878.888,13143000.0,102.756,566.842,64.495,0.0,0.0,0.0,0.0
ECU,Ecuador,2003,0.0,0.0,11.212,0.0,0.0,4.103,2.298,7.109,0.0,1.805,0.0,0.0,7.109,0.0,0.0,7813.309,306.889,36.597,20.495,171.861,63.403,531.684,63.403,7.109,531.684,16.102,135.027,0.0,0.0,838.573,13370000.0,104.464,531.684,63.403,0.0,0.0,0.0,0.0
ECU,Ecuador,2004,0.0,0.0,13.089,0.0,0.0,5.752,3.221,7.338,0.0,2.531,0.0,0.0,7.338,0.0,0.0,8292.075,423.055,43.943,24.608,236.916,56.057,539.687,56.057,7.338,539.687,19.334,186.139,0.0,0.0,962.742,13596000.0,112.739,539.687,56.057,0.0,0.0,0.0,0.0
ECU,Ecuador,2005,0.0,0.0,12.162,0.05,0.0,5.298,2.967,6.814,0.0,2.331,0.05,0.0,6.864,0.0,0.0,8639.83,383.18,43.561,24.395,214.585,56.028,492.84,56.439,6.864,496.459,19.166,168.594,3.616,0.411,879.638,13826000.0,119.454,496.459,56.439,0.0,0.003,0.0,0.0
ECU,Ecuador,2006,0.0,0.0,14.128,0.678,0.0,6.391,3.579,7.059,0.0,2.812,0.678,0.0,7.737,0.0,0.0,8984.832,454.584,45.236,25.333,254.573,49.964,502.098,54.764,7.737,550.326,19.903,200.011,48.225,4.799,1004.911,14059000.0,126.318,550.326,54.764,0.0,0.003,0.0,0.0
ECU,Ecuador,2007,0.0,0.0,16.585,0.949,0.0,6.688,3.745,8.947,0.0,2.943,0.949,0.0,9.897,0.0,0.001,9271.968,467.79,40.325,22.583,261.968,53.946,625.796,59.675,9.897,692.246,17.743,205.822,66.378,5.722,1160.036,14297000.0,132.561,692.246,59.675,0.0,0.003,0.006,0.07
ECU,Ecuador,2008,0.0,0.0,18.265,0.208,0.0,6.873,3.849,11.181,0.0,3.024,0.208,0.0,11.392,0.0,0.003,9697.082,472.826,37.629,21.073,264.788,61.215,769.194,62.371,11.392,783.712,16.556,208.038,14.309,1.139,1256.538,14536000.0,140.957,783.712,62.371,0.0,0.003,0.016,0.206
ECU,Ecuador,2009,0.0,0.0,17.929,0.217,0.0,8.579,4.804,9.13,0.0,3.775,0.217,0.0,9.35,0.0,0.003,9344.177,580.682,47.85,26.796,325.189,50.923,617.978,52.15,9.35,632.871,21.053,255.493,14.688,1.21,1213.554,14774000.0,138.051,632.871,52.15,0.0,0.003,0.017,0.203
ECU,Ecuador,2010,0.0,0.0,18.785,0.236,0.0,9.996,5.598,8.55,0.0,4.398,0.236,0.0,8.789,0.0,0.003,10225.074,665.909,53.212,29.8,372.917,45.515,569.582,46.788,8.789,585.507,23.413,292.992,15.722,1.256,1251.416,15011000.0,153.489,585.507,46.788,0.0,0.003,0.016,0.2
ECU,Ecuador,2011,0.0,0.0,19.885,0.278,0.0,8.582,4.806,11.022,0.0,3.776,0.278,0.0,11.303,0.0,0.003,10659.935,562.989,43.159,24.169,315.281,55.428,723.039,56.841,11.303,741.475,18.989,247.708,18.237,1.398,1304.463,15244000.0,162.5,741.475,56.841,0.0,0.003,0.015,0.197
ECU,Ecuador,2012,0.0,0.0,22.106,0.296,0.0,9.692,5.428,12.116,0.0,4.265,0.296,0.0,12.414,0.0,0.002,11088.271,626.363,43.844,24.553,350.771,54.808,782.991,56.156,12.414,802.249,19.291,275.592,19.129,1.339,1428.612,15474000.0,171.58,802.249,56.156,0.0,0.0,0.009,0.129
ECU,Ecuador,2013,0.0,0.0,22.442,0.296,0.0,11.153,6.246,10.929,0.0,4.907,0.296,0.0,11.289,0.004,0.06,11289.99,710.072,49.697,27.831,397.649,48.699,695.804,50.303,11.289,718.724,21.866,312.423,18.845,1.319,1428.796,15707000.0,177.332,718.724,50.303,0.018,0.255,0.267,3.82
ECU,Ecuador,2014,0.0,0.0,23.451,0.399,0.0,11.613,6.503,11.343,0.0,5.109,0.399,0.0,11.838,0.016,0.08,11675.838,727.981,49.52,27.732,407.679,48.369,711.071,50.48,11.838,742.101,21.788,320.303,25.013,1.701,1470.083,15952000.0,186.253,742.101,50.48,0.068,1.003,0.341,5.015
ECU,Ecuador,2015,0.0,0.0,25.07,0.408,0.0,11.561,5.814,12.965,0.0,5.747,0.408,0.0,13.509,0.036,0.1,11438.164,713.117,46.115,23.191,358.62,51.715,799.716,53.885,13.509,833.272,22.924,354.498,25.167,1.627,1546.389,16212000.0,185.436,833.272,53.885,0.144,2.221,0.399,6.168
ECU,Ecuador,2016,0.0,0.0,26.49,0.49,0.0,10.202,5.13,15.675,0.0,5.071,0.49,0.0,16.288,0.039,0.084,11179.203,618.63,38.512,19.367,311.103,59.174,950.518,61.488,16.288,987.69,19.145,307.527,29.713,1.85,1606.32,16491000.0,184.356,987.69,61.488,0.147,2.365,0.317,5.094
ECU,Ecuador,2017,0.0,0.0,27.391,0.459,0.0,6.935,3.488,19.887,0.0,3.448,0.459,0.0,20.456,0.037,0.073,11377.16,413.186,25.319,12.733,207.787,72.603,1184.815,74.681,20.456,1218.714,12.586,205.399,27.346,1.676,1631.9,16785000.0,190.966,1218.714,74.681,0.135,2.204,0.267,4.349
ECU,Ecuador,2018,0.0,0.0,28.545,0.428,0.0,7.528,3.786,20.471,0.0,3.742,0.428,0.0,21.017,0.038,0.08,11808.143,440.618,26.371,13.262,221.582,71.716,1198.269,73.629,21.017,1230.228,13.109,219.036,25.053,1.499,1670.846,17084000.0,201.73,1230.228,73.629,0.133,2.224,0.28,4.683
ECU,Ecuador,2019,0.0,0.0,31.679,0.455,0.0,6.682,3.36,24.418,0.0,3.321,0.455,0.0,24.997,0.038,0.086,11899.704,384.57,21.091,10.607,193.396,77.081,1405.454,78.909,24.997,1438.779,10.485,191.174,26.189,1.436,1823.349,17374000.0,206.745,1438.779,78.909,0.12,2.187,0.271,4.95
GUF,French Guiana,1998,0.0,0.0,0.428,0.0,0.0,0.428,0.298,0.0,0.0,0.13,0.0,0.0,0.0,0.0,0.0,26227.652,2625.767,100.0,69.697,1830.08,0.0,0.0,0.0,0.0,0.0,30.303,795.687,0.0,0.0,2625.767,151000.0,3.96,0.0,0.0,0.0,0.0,0.0,0.0
GUF,French Guiana,1999,0.0,0.0,0.428,0.0,0.0,0.428,0.298,0.0,0.0,0.13,0.0,0.0,0.0,0.0,0.0,25225.323,2625.767,100.0,69.697,1830.08,0.0,0.0,0.0,0.0,0.0,30.303,795.687,0.0,0.0,2625.767,157000.0,3.96,0.0,0.0,0.0,0.0,0.0,0.0
GUF,French Guiana,2000,0.0,0.0,0.428,0.0,0.0,0.428,0.298,0.0,0.0,0.13,0.0,0.0,0.0,0.0,0.0,13819.317,2625.767,100.0,69.697,1830.08,0.0,0.0,0.0,0.0,0.0,30.303,795.687,0.0,0.0,2625.767,163000.0,2.253,0.0,0.0,0.0,0.0,0.0,0.0
GUF,French Guiana,2001,0.0,0.0,0.585,0.0,0.0,0.055,0.038,0.53,0.0,0.017,0.0,0.0,0.53,0.0,0.0,23735.374,323.529,9.402,6.553,225.49,90.598,3117.647,90.598,0.53,3117.647,2.849,98.039,0.0,0.0,3441.176,170000.0,4.035,3117.647,90.598,0.0,0.0,0.0,0.0
GUF,French Guiana,2002,0.0,0.0,0.606,0.0,0.0,0.057,0.04,0.549,0.0,0.017,0.0,0.0,0.549,0.0,0.0,21046.969,318.436,9.406,6.556,221.94,90.594,3067.039,90.594,0.549,3067.039,2.85,96.496,0.0,0.0,3385.475,179000.0,3.767,3067.039,90.594,0.0,0.0,0.0,0.0
GUF,French Guiana,2003,0.0,0.0,0.631,0.0,0.0,0.06,0.042,0.571,0.0,0.018,0.0,0.0,0.571,0.0,0.0,23567.982,320.856,9.509,6.627,223.627,90.491,3053.476,90.491,0.571,3053.476,2.881,97.229,0.0,0.0,3374.332,187000.0,4.407,3053.476,90.491,0.0,0.0,0.0,0.0
GUF,French Guiana,2004,0.0,0.0,0.655,0.0,0.0,0.062,0.043,0.593,0.0,0.019,0.0,0.0,0.593,0.0,0.0,22660.503,317.949,9.466,6.597,221.601,90.534,3041.026,90.534,0.593,3041.026,2.868,96.348,0.0,0.0,3358.974,195000.0,4.419,3041.026,90.534,0.0,0.0,0.0,0.0
GUF,French Guiana,2005,0.0,0.0,0.681,0.0,0.0,0.065,0.045,0.616,0.0,0.02,0.0,0.0,0.616,0.0,0.0,21795.019,320.197,9.545,6.652,223.168,90.455,3034.483,90.455,0.616,3034.483,2.892,97.029,0.0,0.0,3354.68,203000.0,4.424,3034.483,90.455,0.0,0.0,0.0,0.0
GUF,French Guiana,2006,0.0,0.0,0.706,0.0,0.0,0.067,0.047,0.639,0.0,0.02,0.0,0.0,0.639,0.0,0.0,19801.862,319.048,9.49,6.614,222.367,90.51,3042.857,90.51,0.639,3042.857,2.876,96.681,0.0,0.0,3361.905,210000.0,4.158,3042.857,90.51,0.0,0.0,0.0,0.0
GUF,French Guiana,2007,0.0,0.0,0.901,0.0,0.0,0.238,0.166,0.663,0.0,0.072,0.0,0.0,0.663,0.0,0.0,20971.182,1101.852,26.415,18.411,767.957,73.585,3069.444,73.585,0.663,3069.444,8.005,333.895,0.0,0.0,4171.296,216000.0,4.53,3069.444,73.585,0.0,0.0,0.0,0.0
GUF,French Guiana,2008,0.0,0.0,0.922,0.0,0.0,0.233,0.162,0.689,0.0,0.071,0.0,0.0,0.689,0.0,0.0,20839.939,1049.55,25.271,17.613,731.504,74.729,3103.604,74.729,0.689,3103.604,7.658,318.045,0.0,0.0,4153.153,222000.0,4.626,3103.604,74.729,0.0,0.0,0.0,0.0
GUF,French Guiana,2009,0.0,0.0,1.029,0.001,0.0,0.318,0.222,0.708,0.0,0.096,0.001,0.0,0.711,0.002,0.0,23884.345,1394.737,30.904,21.539,972.089,68.805,3105.263,69.096,0.711,3118.421,9.365,422.648,4.386,0.097,4513.158,228000.0,5.446,3118.421,69.096,0.194,8.772,0.0,0.0
GUF,French Guiana,2010,0.0,0.0,1.104,0.008,0.0,0.356,0.248,0.737,0.0,0.108,0.008,0.0,0.748,0.003,0.0,22254.837,1527.897,32.246,22.475,1064.898,66.757,3163.09,67.754,0.748,3210.3,9.772,462.999,34.335,0.725,4738.197,233000.0,5.185,3210.3,67.754,0.272,12.876,0.0,0.0
GUF,French Guiana,2011,0.0,0.0,1.053,0.012,0.0,0.354,0.247,0.65,0.0,0.107,0.012,0.0,0.699,0.037,0.0,20555.061,1487.395,33.618,23.431,1036.669,61.728,2731.092,66.382,0.699,2936.975,10.187,450.726,50.42,1.14,4424.37,238000.0,4.892,2936.975,66.382,3.514,155.462,0.0,0.0
GUF,French Guiana,2012,0.0,0.0,0.877,0.012,0.0,0.257,0.179,0.556,0.0,0.078,0.012,0.0,0.62,0.052,0.0,18345.38,1053.279,29.304,20.424,734.103,63.398,2278.689,70.696,0.62,2540.984,8.88,319.175,49.18,1.368,3594.262,244000.0,4.476,2540.984,70.696,5.929,213.115,0.0,0.0
GUF,French Guiana,2013,0.0,0.0,0.875,0.013,0.0,0.328,0.229,0.49,0.0,0.099,0.013,0.0,0.547,0.044,0.0,18234.14,1317.269,37.486,26.126,918.097,56.0,1967.871,62.514,0.547,2196.787,11.359,399.172,52.209,1.486,3514.056,249000.0,4.54,2196.787,62.514,5.029,176.707,0.0,0.0
GUF,French Guiana,2014,0.0,0.0,0.901,0.012,0.0,0.337,0.235,0.5,0.0,0.102,0.012,0.0,0.564,0.052,0.0,18732.133,1321.569,37.403,26.069,921.093,55.494,1960.784,62.597,0.564,2211.765,11.334,400.475,47.059,1.332,3533.333,255000.0,4.777,2211.765,62.597,5.771,203.922,0.0,0.0
GUF,French Guiana,2015,0.0,0.0,0.913,0.012,0.0,0.354,0.247,0.493,0.0,0.107,0.012,0.0,0.559,0.054,0.0,17627.455,1356.322,38.773,27.024,945.315,53.998,1888.889,61.227,0.559,2141.762,11.749,411.007,45.977,1.314,3498.084,261000.0,4.601,2141.762,61.227,5.915,206.897,0.0,0.0
GUF,French Guiana,2016,0.0,0.0,0.913,0.012,0.0,0.414,0.289,0.435,0.0,0.125,0.012,0.0,0.499,0.052,0.0,16876.524,1544.776,45.336,31.598,1076.662,47.636,1623.134,54.664,0.499,1862.593,13.738,468.114,44.776,1.314,3407.369,268000.0,4.523,1862.593,54.664,5.714,194.683,0.0,0.0
GUF,French Guiana,2017,0.0,0.0,1.076,0.01,0.0,0.45,0.314,0.564,0.0,0.136,0.01,0.0,0.626,0.052,0.0,16876.524,1636.364,41.828,29.153,1140.496,52.424,2050.909,58.172,0.626,2275.807,12.675,495.868,36.364,0.93,3912.171,275000.0,4.523,2275.807,58.172,4.819,188.535,0.0,0.0
GUF,French Guiana,2018,0.0,0.0,1.1,0.01,0.0,0.5,0.348,0.538,0.0,0.152,0.01,0.0,0.6,0.051,0.0,16876.524,1766.784,45.469,31.69,1231.395,48.925,1901.06,54.531,0.6,2118.908,13.778,535.389,36.933,0.95,3885.693,283000.0,4.523,2118.908,54.531,4.656,180.915,0.0,0.0
GUF,French Guiana,2019,0.0,0.0,1.162,0.01,0.0,0.549,0.382,0.553,0.0,0.166,0.01,0.0,0.613,0.05,0.0,16876.524,1885.452,47.234,32.92,1314.103,47.607,1900.344,52.766,0.613,2106.309,14.313,571.349,34.144,0.855,3991.762,291000.0,4.523,2106.309,52.766,4.304,171.821,0.0,0.0
GUY,Guyana,1998,0.0,0.0,0.877,0.041,0.0,0.836,0.0,0.0,0.0,0.836,0.041,0.0,0.041,0.0,0.0,7688.914,1119.143,95.325,0.0,0.0,0.0,0.0,4.675,0.041,54.886,95.325,1119.143,54.886,4.675,1174.029,754000.0,5.797,54.886,4.675,0.0,0.0,0.0,0.0
GUY,Guyana,1999,0.0,0.0,0.877,0.041,0.0,0.836,0.0,0.0,0.0,0.836,0.041,0.0,0.041,0.0,0.0,9279.467,1119.143,95.325,0.0,0.0,0.0,0.0,4.675,0.041,54.886,95.325,1119.143,54.886,4.675,1174.029,750000.0,6.96,54.886,4.675,0.0,0.0,0.0,0.0
GUY,Guyana,2000,0.0,0.0,0.877,0.041,0.0,0.836,0.0,0.0,0.0,0.836,0.041,0.0,0.041,0.0,0.0,9122.535,1119.143,95.325,0.0,0.0,0.0,0.0,4.675,0.041,54.886,95.325,1119.143,54.886,4.675,1174.029,747000.0,6.815,54.886,4.675,0.0,0.0,0.0,0.0
GUY,Guyana,2001,0.0,0.0,0.91,0.047,0.0,0.863,0.0,0.0,0.0,0.863,0.047,0.0,0.047,0.0,0.0,8909.86,1158.389,94.835,0.0,0.0,0.0,0.0,5.165,0.047,63.087,94.835,1158.389,63.087,5.165,1221.477,745000.0,6.638,63.087,5.165,0.0,0.0,0.0,0.0
GUY,Guyana,2002,0.0,0.0,0.914,0.056,0.0,0.858,0.0,0.0,0.0,0.858,0.056,0.0,0.056,0.0,0.0,8981.585,1151.678,93.873,0.0,0.0,0.0,0.0,6.127,0.056,75.168,93.873,1151.678,75.168,6.127,1226.846,745000.0,6.691,75.168,6.127,0.0,0.0,0.0,0.0
GUY,Guyana,2003,0.0,0.0,0.822,0.051,0.0,0.771,0.0,0.0,0.0,0.771,0.051,0.0,0.051,0.0,0.0,9281.584,1034.899,93.796,0.0,0.0,0.0,0.0,6.204,0.051,68.456,93.796,1034.899,68.456,6.204,1103.356,745000.0,6.915,68.456,6.204,0.0,0.0,0.0,0.0
GUY,Guyana,2004,0.0,0.0,0.858,0.056,0.0,0.802,0.0,0.0,0.0,0.802,0.056,0.0,0.056,0.0,0.0,9027.208,1075.067,93.473,0.0,0.0,0.0,0.0,6.527,0.056,75.067,93.473,1075.067,75.067,6.527,1150.134,746000.0,6.734,75.067,6.527,0.0,0.0,0.0,0.0
GUY,Guyana,2005,0.0,0.0,0.65,0.045,0.0,0.605,0.0,0.0,0.0,0.605,0.045,0.0,0.045,0.0,0.0,8170.117,810.992,93.048,0.0,0.0,0.0,0.0,6.952,0.045,60.59,93.048,810.992,60.322,6.921,871.582,746000.0,6.095,60.59,6.952,0.031,0.268,0.0,0.0
GUY,Guyana,2006,0.0,0.0,0.669,0.045,0.0,0.624,0.0,0.0,0.0,0.624,0.045,0.0,0.045,0.0,0.0,7294.524,836.461,93.232,0.0,0.0,0.0,0.0,6.768,0.045,60.724,93.232,836.461,60.322,6.723,897.185,746000.0,5.442,60.724,6.768,0.045,0.402,0.0,0.0
GUY,Guyana,2007,0.0,0.0,0.704,0.047,0.0,0.657,0.0,0.0,0.0,0.657,0.047,0.0,0.047,0.0,0.0,9060.498,880.697,93.271,0.0,0.0,0.0,0.0,6.729,0.047,63.539,93.271,880.697,63.003,6.672,944.236,746000.0,6.759,63.539,6.729,0.057,0.536,0.0,0.0
GUY,Guyana,2008,0.0,0.0,0.71,0.045,0.0,0.665,0.0,0.0,0.0,0.665,0.045,0.0,0.045,0.0,0.0,8602.136,890.228,93.609,0.0,0.0,0.0,0.0,6.391,0.045,60.776,93.609,890.228,60.241,6.334,951.004,747000.0,6.426,60.776,6.391,0.056,0.535,0.0,0.0
GUY,Guyana,2009,0.0,0.0,0.726,0.045,0.0,0.68,0.0,0.0,0.0,0.68,0.045,0.0,0.046,0.0,0.0,8853.858,909.091,93.728,0.0,0.0,0.0,0.0,6.272,0.046,60.829,93.728,909.091,60.16,6.203,969.92,748000.0,6.623,60.829,6.272,0.069,0.668,0.0,0.0
GUY,Guyana,2010,0.0,0.0,0.825,0.01,0.0,0.815,0.0,0.0,0.0,0.815,0.01,0.0,0.01,0.0,0.0,9529.779,1088.117,98.758,0.0,0.0,0.0,0.0,1.242,0.01,13.682,98.758,1088.117,13.351,1.212,1101.8,749000.0,7.138,13.682,1.242,0.03,0.331,0.0,0.0
GUY,Guyana,2011,0.0,0.0,0.868,0.012,0.0,0.855,0.0,0.0,0.0,0.855,0.012,0.0,0.013,0.001,0.0,9854.558,1136.968,98.465,0.0,0.0,0.0,0.0,1.535,0.013,17.73,98.465,1136.968,15.957,1.382,1154.698,752000.0,7.411,17.73,1.535,0.154,1.773,0.0,0.0
GUY,Guyana,2012,0.0,0.0,0.904,0.018,0.0,0.885,0.0,0.0,0.0,0.885,0.018,0.0,0.019,0.001,0.0,11101.658,1172.185,97.854,0.0,0.0,0.0,0.0,2.146,0.019,25.703,97.854,1172.185,23.841,1.99,1197.889,755000.0,8.382,25.703,2.146,0.155,1.862,0.0,0.0
GUY,Guyana,2013,0.0,0.0,0.926,0.021,0.0,0.904,0.0,0.0,0.0,0.904,0.021,0.0,0.022,0.001,0.0,10754.789,1191.041,97.573,0.0,0.0,0.0,0.0,2.427,0.022,29.63,97.573,1191.041,27.668,2.267,1220.671,759000.0,8.163,29.63,2.427,0.161,1.962,0.0,0.0
GUY,Guyana,2014,0.0,0.0,0.942,0.02,0.0,0.92,0.0,0.0,0.0,0.92,0.02,0.0,0.022,0.002,0.0,10723.359,1205.767,97.711,0.0,0.0,0.0,0.0,2.289,0.022,28.248,97.711,1205.767,26.212,2.124,1234.014,763000.0,8.182,28.248,2.289,0.165,2.035,0.0,0.0
GUY,Guyana,2015,0.0,0.0,1.005,0.026,0.0,0.976,0.0,0.0,0.0,0.976,0.026,0.0,0.029,0.002,0.0,11014.285,1272.49,97.155,0.0,0.0,0.0,0.0,2.845,0.029,37.258,97.155,1272.49,33.898,2.588,1309.748,767000.0,8.448,37.258,2.845,0.217,2.838,0.04,0.522
GUY,Guyana,2016,0.0,0.0,1.038,0.019,0.0,1.016,0.0,0.0,0.0,1.016,0.019,0.0,0.022,0.003,0.0,11180.936,1317.769,97.861,0.0,0.0,0.0,0.0,2.139,0.022,28.8,97.861,1317.769,24.643,1.83,1346.569,771000.0,8.621,28.8,2.139,0.27,3.638,0.039,0.519
GUY,Guyana,2017,0.0,0.0,1.076,0.014,0.0,1.057,0.0,0.0,0.0,1.057,0.014,0.0,0.019,0.005,0.0,11180.936,1363.871,98.203,0.0,0.0,0.0,0.0,1.797,0.019,24.964,98.203,1363.871,18.065,1.301,1388.835,775000.0,8.621,24.964,1.797,0.46,6.383,0.037,0.516
GUY,Guyana,2018,0.0,0.0,1.086,0.01,0.0,1.067,0.0,0.0,0.0,1.067,0.01,0.0,0.019,0.009,0.0,11180.936,1369.705,98.257,0.0,0.0,0.0,0.0,1.743,0.019,24.294,98.257,1369.705,12.837,0.921,1393.999,779000.0,8.621,24.294,1.743,0.785,10.944,0.037,0.513
GUY,Guyana,2019,0.0,0.0,1.111,0.005,0.0,1.097,0.0,0.0,0.0,1.097,0.005,0.0,0.014,0.009,0.0,11180.936,1401.447,98.777,0.0,0.0,0.0,0.0,1.223,0.014,17.358,98.777,1401.447,5.96,0.42,1418.806,783000.0,8.621,17.358,1.223,0.767,10.888,0.036,0.511
PRY,Paraguay,1998,0.0,0.0,52.969,0.0,0.0,0.012,0.0,52.957,0.0,0.012,0.0,0.0,52.957,0.0,0.0,30947.125,2.254,0.023,0.0,0.0,99.977,9948.713,99.977,52.957,9948.713,0.023,2.254,0.0,0.0,9950.967,5108000.0,158.078,9948.713,99.977,0.0,0.0,0.0,0.0
PRY,Paraguay,1999,0.0,0.0,52.969,0.0,0.0,0.012,0.0,52.957,0.0,0.012,0.0,0.0,52.957,0.0,0.0,31421.508,2.254,0.023,0.0,0.0,99.977,9948.713,99.977,52.957,9948.713,0.023,2.254,0.0,0.0,9950.967,5216000.0,163.895,9948.713,99.977,0.0,0.0,0.0,0.0
PRY,Paraguay,2000,0.0,0.0,52.969,0.0,0.0,0.012,0.0,52.957,0.0,0.012,0.0,0.0,52.957,0.0,0.0,31008.73,2.254,0.023,0.0,0.0,99.977,9948.713,99.977,52.957,9948.713,0.023,2.254,0.0,0.0,9950.967,5323000.0,165.059,9948.713,99.977,0.0,0.0,0.0,0.0
PRY,Paraguay,2001,0.0,0.0,44.876,0.0,0.0,0.012,0.0,44.864,0.0,0.012,0.0,0.0,44.864,0.0,0.0,26227.34,2.211,0.027,0.0,0.0,99.973,8265.291,99.973,44.864,8265.291,0.027,2.211,0.0,0.0,8267.502,5428000.0,142.362,8265.291,99.973,0.0,0.0,0.0,0.0
PRY,Paraguay,2002,0.0,0.0,47.744,0.0,0.0,0.014,0.0,47.73,0.0,0.014,0.0,0.0,47.73,0.0,0.0,27369.24,2.531,0.029,0.0,0.0,99.971,8627.983,99.971,47.73,8627.983,0.029,2.531,0.0,0.0,8630.513,5532000.0,151.407,8627.983,99.971,0.0,0.0,0.0,0.0
PRY,Paraguay,2003,0.0,0.0,51.269,0.0,0.0,0.016,0.0,51.253,0.0,0.016,0.0,0.0,51.253,0.0,0.0,28766.75,2.9,0.032,0.0,0.0,99.968,9098.704,99.968,51.253,9098.704,0.032,2.9,0.0,0.0,9101.604,5633000.0,162.043,9098.704,99.968,0.0,0.0,0.0,0.0
PRY,Paraguay,2004,0.0,0.0,51.417,0.0,0.0,0.005,0.0,51.412,0.0,0.005,0.0,0.0,51.412,0.0,0.0,28369.821,0.872,0.01,0.0,0.0,99.99,8970.86,99.99,51.412,8970.86,0.01,0.872,0.0,0.0,8971.733,5731000.0,162.587,8970.86,99.99,0.0,0.0,0.0,0.0
PRY,Paraguay,2005,0.0,0.0,50.657,0.0,0.0,0.003,0.0,50.654,0.0,0.003,0.0,0.0,50.654,0.0,0.0,27374.004,0.515,0.006,0.0,0.0,99.994,8697.459,99.994,50.654,8697.459,0.006,0.515,0.0,0.0,8697.974,5824000.0,159.426,8697.459,99.994,0.0,0.0,0.0,0.0
PRY,Paraguay,2006,0.0,0.0,53.249,0.0,0.0,0.003,0.0,53.246,0.0,0.003,0.0,0.0,53.246,0.0,0.0,28424.56,0.507,0.006,0.0,0.0,99.994,9004.904,99.994,53.246,9004.904,0.006,0.507,0.0,0.0,9005.412,5913000.0,168.074,9004.904,99.994,0.0,0.0,0.0,0.0
PRY,Paraguay,2007,0.0,0.0,53.191,0.0,0.0,0.003,0.0,53.188,0.0,0.003,0.0,0.0,53.188,0.0,0.0,28114.355,0.5,0.006,0.0,0.0,99.994,8867.623,99.994,53.188,8867.623,0.006,0.5,0.0,0.0,8868.123,5998000.0,168.63,8867.623,99.994,0.0,0.0,0.0,0.0
PRY,Paraguay,2008,0.0,0.0,54.912,0.0,0.0,0.003,0.0,54.909,0.0,0.003,0.0,0.0,54.909,0.0,0.0,28661.778,0.493,0.005,0.0,0.0,99.995,9029.6,99.995,54.909,9029.6,0.005,0.493,0.0,0.0,9030.094,6081000.0,174.292,9029.6,99.995,0.0,0.0,0.0,0.0
PRY,Paraguay,2009,0.0,0.0,54.41,0.0,0.0,0.001,0.0,54.409,0.0,0.001,0.0,0.0,54.409,0.0,0.0,28160.97,0.162,0.002,0.0,0.0,99.998,8826.898,99.998,54.409,8826.898,0.002,0.162,0.0,0.0,8827.06,6164000.0,173.584,8826.898,99.998,0.0,0.0,0.0,0.0
PRY,Paraguay,2010,0.0,0.0,53.525,0.0,0.0,0.001,0.0,53.524,0.0,0.001,0.0,0.0,53.524,0.0,0.0,27778.257,0.15,0.002,0.0,0.0,99.998,8566.581,99.998,53.524,8566.581,0.002,0.15,0.0,0.0,8566.732,6248000.0,173.559,8566.581,99.998,0.0,0.0,0.0,0.0
PRY,Paraguay,2011,0.0,0.0,57.05,0.0,0.0,0.001,0.0,57.049,0.0,0.001,0.0,0.0,57.049,0.0,0.0,29153.586,0.148,0.002,0.0,0.0,99.998,9006.789,99.998,57.049,9006.789,0.002,0.148,0.0,0.0,9006.937,6334000.0,184.659,9006.789,99.998,0.0,0.0,0.0,0.0
PRY,Paraguay,2012,0.0,0.0,59.633,0.0,0.0,0.003,0.0,59.63,0.0,0.003,0.0,0.0,59.63,0.0,0.0,30015.059,0.439,0.005,0.0,0.0,99.995,9285.269,99.995,59.63,9285.269,0.005,0.439,0.0,0.0,9285.709,6422000.0,192.757,9285.269,99.995,0.0,0.0,0.0,0.0
PRY,Paraguay,2013,0.0,0.0,59.903,0.126,0.0,0.003,0.0,59.774,0.0,0.003,0.126,0.0,59.9,0.0,0.0,29653.045,0.433,0.005,0.0,0.0,99.785,9181.874,99.995,59.9,9201.229,0.005,0.433,19.355,0.21,9201.662,6510000.0,193.041,9201.229,99.995,0.0,0.0,0.0,0.0
PRY,Paraguay,2014,0.0,0.0,54.868,0.139,0.0,0.006,0.0,54.723,0.0,0.006,0.139,0.0,54.862,0.0,0.0,27230.36,0.855,0.01,0.0,0.0,99.736,8291.364,99.99,54.862,8312.417,0.01,0.855,21.054,0.253,8313.272,6600000.0,179.72,8312.417,99.99,0.0,0.0,0.0,0.0
PRY,Paraguay,2015,0.0,0.0,55.333,0.146,0.0,0.001,0.0,55.186,0.0,0.001,0.146,0.0,55.332,0.0,0.0,27396.266,0.141,0.002,0.0,0.0,99.734,8250.262,99.998,55.332,8272.117,0.002,0.141,21.856,0.264,8272.258,6689000.0,183.254,8272.117,99.998,0.0,0.0,0.0,0.0
PRY,Paraguay,2016,0.0,0.0,64.028,0.895,0.0,0.001,0.0,63.132,0.0,0.001,0.895,0.0,64.027,0.0,0.0,31800.437,0.139,0.001,0.0,0.0,98.6,9314.252,99.999,64.027,9446.369,0.001,0.139,132.117,1.399,9446.508,6778000.0,215.543,9446.369,99.999,0.0,0.0,0.0,0.0
PRY,Paraguay,2017,0.0,0.0,59.771,0.682,0.0,0.002,0.0,59.087,0.0,0.002,0.682,0.0,59.769,0.0,0.0,31800.437,0.274,0.003,0.0,0.0,98.856,8604.485,99.997,59.769,8703.779,0.003,0.274,99.294,1.141,8704.053,6867000.0,215.543,8703.779,99.997,0.0,0.0,0.0,0.0
PRY,Paraguay,2018,0.0,0.0,59.322,0.701,0.0,0.002,0.0,58.619,0.0,0.002,0.701,0.0,59.32,0.0,0.0,31800.437,0.27,0.003,0.0,0.0,98.814,8427.097,99.997,59.32,8527.932,0.003,0.27,100.835,1.182,8528.202,6956000.0,215.543,8527.932,99.997,0.0,0.0,0.0,0.0
PRY,Paraguay,2019,0.0,0.0,49.823,0.886,0.0,0.002,0.0,48.935,0.0,0.002,0.886,0.0,49.821,0.0,0.0,31800.437,0.267,0.004,0.0,0.0,98.217,6946.02,99.996,49.821,7071.85,0.004,0.267,125.83,1.779,7072.117,7045000.0,215.543,7071.85,99.996,0.0,0.0,0.0,0.0
PER,Peru,1998,0.608,4.486,18.582,0.158,0.119,3.372,3.253,13.808,0.0,0.0,0.126,0.0,13.935,0.0,0.0,5364.602,127.438,17.26,16.652,122.952,74.308,538.167,74.989,13.935,543.098,0.0,0.0,4.911,0.678,724.238,25658000.0,137.645,543.098,74.989,0.0,0.0,0.003,0.019
PER,Peru,1999,0.608,4.486,19.05,0.158,0.119,3.372,3.253,14.541,0.0,0.0,0.139,0.0,14.68,0.0,0.001,5431.141,127.438,17.26,16.652,122.952,76.33,557.581,77.063,14.68,562.934,0.0,0.0,5.33,0.73,730.485,26078000.0,141.633,562.934,77.063,0.0,0.0,0.003,0.023
PER,Peru,2000,0.608,4.486,19.537,0.158,0.119,3.372,3.253,16.006,0.0,0.0,0.158,0.0,16.165,0.0,0.001,5509.837,127.438,17.26,16.652,122.952,81.926,604.913,82.74,16.165,610.924,0.0,0.0,5.971,0.809,738.362,26460000.0,145.79,610.924,82.74,0.0,0.002,0.005,0.038
PER,Peru,2001,0.486,3.705,20.422,0.17,0.099,2.821,2.722,17.43,0.0,0.0,0.17,0.0,17.601,0.0,0.001,5370.711,105.265,13.814,13.327,101.56,85.349,650.397,86.186,17.601,656.78,0.0,0.0,6.344,0.832,762.045,26799000.0,143.93,656.78,86.186,0.0,0.002,0.005,0.037
PER,Peru,2002,0.575,4.577,21.578,0.193,0.124,3.524,3.4,17.86,0.0,0.0,0.193,0.0,18.054,0.0,0.001,5437.884,130.032,16.331,15.757,125.455,82.769,659.016,83.669,18.054,666.177,0.0,0.0,7.122,0.894,796.209,27101000.0,147.372,666.177,83.669,0.0,0.002,0.005,0.037
PER,Peru,2003,0.616,5.059,22.488,0.204,0.138,3.934,3.796,18.349,0.0,0.0,0.204,0.0,18.554,0.0,0.001,5306.023,143.724,17.494,16.878,138.665,81.594,670.357,82.506,18.554,677.848,0.0,0.0,7.453,0.907,821.571,27372000.0,145.236,677.848,82.506,0.0,0.002,0.004,0.037
PER,Peru,2004,0.935,8.073,23.847,0.16,0.223,6.336,6.113,17.35,0.0,0.0,0.16,0.0,17.511,0.0,0.001,5602.33,229.366,26.569,25.634,221.293,72.755,628.077,73.431,17.511,633.907,0.0,0.0,5.792,0.671,863.273,27624000.0,154.759,633.907,73.431,0.0,0.002,0.004,0.036
PER,Peru,2005,0.983,8.943,25.34,0.361,0.249,7.08,6.831,17.898,0.0,0.0,0.361,0.0,18.26,0.0,0.001,5808.023,254.073,27.94,26.957,245.13,70.631,642.288,72.06,18.26,655.281,0.0,0.0,12.955,1.425,909.354,27866000.0,161.846,655.281,72.06,0.0,0.002,0.004,0.036
PER,Peru,2006,0.901,8.57,26.724,0.375,0.241,6.842,6.601,19.506,0.0,0.0,0.375,0.0,19.882,0.0,0.001,5803.033,243.47,25.602,24.701,234.901,72.99,694.114,74.398,19.882,707.496,0.0,0.0,13.344,1.403,950.966,28102000.0,163.077,707.496,74.398,0.0,0.002,0.004,0.036
PER,Peru,2007,1.128,11.597,29.14,0.45,0.329,9.335,9.006,19.354,0.0,0.0,0.45,0.0,19.805,0.0,0.001,6311.251,329.474,32.035,30.907,317.878,66.417,683.09,67.965,19.805,699.01,0.0,0.0,15.883,1.544,1028.484,28333000.0,178.817,699.01,67.965,0.0,0.002,0.003,0.035
PER,Peru,2008,1.385,15.525,32.016,0.46,0.443,12.598,12.155,18.957,0.0,0.0,0.46,0.0,19.418,0.0,0.001,6756.58,441.076,39.349,37.964,425.551,59.211,663.714,60.651,19.418,679.856,0.0,0.0,16.105,1.437,1120.932,28562000.0,192.981,679.856,60.651,0.0,0.002,0.003,0.035
PER,Peru,2009,1.328,14.731,31.927,0.46,0.424,12.05,11.626,19.416,0.0,0.0,0.46,0.0,19.877,0.0,0.001,6868.653,418.504,37.742,36.414,403.774,60.814,674.331,62.258,19.877,690.343,0.0,0.0,15.976,1.441,1108.848,28793000.0,197.769,690.343,62.258,0.0,0.002,0.003,0.035
PER,Peru,2010,1.444,17.295,34.78,0.673,0.502,14.264,13.762,19.842,0.0,0.0,0.673,0.0,20.516,0.0,0.001,7677.239,491.372,41.011,39.568,474.077,57.051,683.547,58.989,20.516,706.768,0.0,0.0,23.185,1.935,1198.14,29028000.0,222.855,706.768,58.989,0.0,0.002,0.003,0.034
PER,Peru,2011,1.448,18.799,37.989,0.675,0.55,15.942,15.392,21.371,0.0,0.0,0.675,0.0,22.047,0.0,0.001,8596.346,544.779,41.965,40.517,525.979,56.255,730.283,58.035,22.047,753.385,0.0,0.0,23.066,1.777,1298.163,29264000.0,251.563,753.385,58.035,0.0,0.002,0.003,0.034
PER,Peru,2012,1.5,19.662,38.682,0.668,0.58,16.813,16.233,21.14,0.0,0.0,0.668,0.0,21.869,0.06,0.001,8629.682,569.792,43.464,41.965,550.129,54.651,716.44,56.536,21.869,741.146,0.0,0.0,22.639,1.727,1310.938,29507000.0,254.636,741.146,56.536,0.155,2.033,0.003,0.034
PER,Peru,2013,1.545,21.832,42.084,0.96,0.65,18.837,18.187,22.086,0.0,0.0,0.96,0.0,23.247,0.2,0.001,8756.718,632.655,44.76,43.215,610.823,52.481,741.788,55.24,23.247,780.782,0.0,0.0,32.243,2.281,1413.437,29774000.0,260.723,780.782,55.24,0.475,6.717,0.002,0.034
PER,Peru,2014,1.391,20.439,44.201,1.291,0.615,20.473,19.858,21.977,0.0,0.0,1.291,0.0,23.728,0.2,0.26,8855.557,680.399,46.318,44.927,659.96,49.72,730.376,53.682,23.728,788.568,0.0,0.0,42.905,2.921,1468.966,30090000.0,266.464,788.568,53.682,0.452,6.647,0.588,8.641
PER,Peru,2015,1.381,21.136,46.646,0.907,0.644,21.44,20.795,23.474,0.0,0.0,0.907,0.0,25.206,0.23,0.595,9312.026,703.604,45.963,44.582,682.468,50.324,770.372,54.037,25.206,827.213,0.0,0.0,29.766,1.944,1530.817,30471000.0,283.747,827.213,54.037,0.493,7.548,1.276,19.527
PER,Peru,2016,1.451,23.384,49.85,0.556,0.723,24.074,23.351,23.916,0.0,0.0,0.556,0.0,25.776,0.241,1.063,9748.041,778.45,48.293,46.843,755.066,47.976,773.33,51.707,25.776,833.473,0.0,0.0,17.978,1.115,1611.923,30926000.0,301.468,833.473,51.707,0.483,7.793,2.132,34.372
PER,Peru,2017,1.206,19.599,51.116,0.471,0.616,20.515,19.899,28.769,0.0,0.0,0.471,0.0,30.6,0.287,1.073,9606.984,652.446,40.136,38.93,632.846,56.282,914.928,59.864,30.6,973.159,0.0,0.0,14.979,0.921,1625.604,31444000.0,302.082,973.159,59.864,0.561,9.127,2.099,34.124
PER,Peru,2018,1.141,19.033,53.354,0.419,0.609,20.268,19.659,30.415,0.0,0.0,0.419,0.0,33.086,0.75,1.502,9907.861,633.602,37.988,36.847,614.568,57.006,950.789,62.012,33.086,1034.286,0.0,0.0,13.098,0.785,1667.888,31989000.0,316.943,1034.286,62.012,1.406,23.446,2.815,46.954
PER,Peru,2019,1.152,19.657,55.481,0.53,0.639,21.274,20.635,31.255,0.0,0.0,0.53,0.0,34.207,0.767,1.655,9924.199,654.386,38.345,37.193,634.728,56.335,961.405,61.655,34.207,1052.208,0.0,0.0,16.303,0.955,1706.594,32510000.0,322.636,1052.208,61.655,1.382,23.593,2.983,50.907
PER,Peru,2020,1.187,18.681,51.884,0.582,0.616,18.302,17.686,30.404,0.0,0.0,0.582,0.0,33.582,0.783,1.812,9924.199,555.069,35.274,34.087,536.389,58.601,922.133,64.726,33.582,1018.508,0.0,0.0,17.666,1.123,1573.577,32510000.0,322.636,1018.508,64.726,1.509,23.752,3.492,54.957
SUR,Suriname,1998,0.0,0.0,1.397,0.0,0.0,0.687,0.0,0.71,0.0,0.687,0.0,0.0,0.71,0.0,0.0,21435.611,1458.599,49.177,0.0,0.0,50.823,1507.431,50.823,0.71,1507.431,49.177,1458.599,0.0,0.0,2966.03,460000.0,9.86,1507.431,50.823,0.0,0.0,0.0,0.0
SUR,Suriname,1999,0.0,0.0,1.397,0.0,0.0,0.687,0.0,0.71,0.0,0.687,0.0,0.0,0.71,0.0,0.0,21309.577,1458.599,49.177,0.0,0.0,50.823,1507.431,50.823,0.71,1507.431,49.177,1458.599,0.0,0.0,2966.03,465000.0,9.909,1507.431,50.823,0.0,0.0,0.0,0.0
SUR,Suriname,2000,0.0,0.0,1.397,0.0,0.0,0.687,0.0,0.71,0.0,0.687,0.0,0.0,0.71,0.0,0.0,17567.588,1458.599,49.177,0.0,0.0,50.823,1507.431,50.823,0.71,1507.431,49.177,1458.599,0.0,0.0,2966.03,471000.0,8.274,1507.431,50.823,0.0,0.0,0.0,0.0
SUR,Suriname,2001,0.0,0.0,1.416,0.0,0.0,0.691,0.0,0.725,0.0,0.691,0.0,0.0,0.725,0.0,0.0,17059.868,1448.637,48.799,0.0,0.0,51.201,1519.916,51.201,0.725,1519.916,48.799,1448.637,0.0,0.0,2968.553,477000.0,8.138,1519.916,51.201,0.0,0.0,0.0,0.0
SUR,Suriname,2002,0.0,0.0,1.431,0.0,0.0,0.69,0.0,0.741,0.0,0.69,0.0,0.0,0.741,0.0,0.0,18822.323,1431.535,48.218,0.0,0.0,51.782,1537.344,51.782,0.741,1537.344,48.218,1431.535,0.0,0.0,2968.88,482000.0,9.072,1537.344,51.782,0.0,0.0,0.0,0.0
SUR,Suriname,2003,0.0,0.0,1.444,0.0,0.0,0.692,0.0,0.752,0.0,0.692,0.0,0.0,0.752,0.0,0.0,16466.878,1418.033,47.922,0.0,0.0,52.078,1540.984,52.078,0.752,1540.984,47.922,1418.033,0.0,0.0,2959.016,488000.0,8.036,1540.984,52.078,0.0,0.0,0.0,0.0
SUR,Suriname,2004,0.0,0.0,1.457,0.0,0.0,0.693,0.0,0.764,0.0,0.693,0.0,0.0,0.764,0.0,0.0,18506.249,1402.834,47.563,0.0,0.0,52.437,1546.559,52.437,0.764,1546.559,47.563,1402.834,0.0,0.0,2949.393,494000.0,9.142,1546.559,52.437,0.0,0.0,0.0,0.0
SUR,Suriname,2005,0.0,0.0,1.518,0.0,0.0,0.697,0.0,0.821,0.0,0.697,0.0,0.0,0.821,0.0,0.0,18645.118,1396.794,45.916,0.0,0.0,54.084,1645.291,54.084,0.821,1645.291,45.916,1396.794,0.0,0.0,3042.084,499000.0,9.304,1645.291,54.084,0.0,0.0,0.0,0.0
SUR,Suriname,2006,0.0,0.0,1.563,0.0,0.0,0.701,0.0,0.862,0.0,0.701,0.0,0.0,0.862,0.0,0.0,20124.511,1388.119,44.85,0.0,0.0,55.15,1706.931,55.15,0.862,1706.931,44.85,1388.119,0.0,0.0,3095.05,505000.0,10.163,1706.931,55.15,0.0,0.0,0.0,0.0
SUR,Suriname,2007,0.0,0.0,1.563,0.0,0.0,0.701,0.0,0.862,0.0,0.701,0.0,0.0,0.862,0.0,0.0,18604.075,1371.82,44.85,0.0,0.0,55.15,1686.888,55.15,0.862,1686.888,44.85,1371.82,0.0,0.0,3058.708,511000.0,9.507,1686.888,55.15,0.0,0.0,0.0,0.0
SUR,Suriname,2008,0.0,0.0,1.564,0.0,0.0,0.701,0.0,0.863,0.0,0.701,0.0,0.0,0.863,0.0,0.0,21782.646,1355.899,44.821,0.0,0.0,55.179,1669.246,55.179,0.863,1669.246,44.821,1355.899,0.0,0.0,3025.145,517000.0,11.262,1669.246,55.179,0.0,0.0,0.0,0.0
SUR,Suriname,2009,0.0,0.0,1.566,0.0,0.0,0.703,0.0,0.863,0.0,0.703,0.0,0.0,0.863,0.0,0.0,21945.997,1344.168,44.891,0.0,0.0,55.109,1650.096,55.109,0.863,1650.096,44.891,1344.168,0.0,0.0,2994.264,523000.0,11.478,1650.096,55.109,0.0,0.0,0.0,0.0
SUR,Suriname,2010,0.0,0.0,1.681,0.0,0.0,0.483,0.0,1.198,0.0,0.483,0.0,0.0,1.198,0.0,0.0,26061.796,913.346,28.736,0.0,0.0,71.252,2264.65,71.264,1.198,2265.028,28.736,913.346,0.0,0.0,3178.374,529000.0,13.787,2265.028,71.264,0.012,0.378,0.0,0.0
SUR,Suriname,2011,0.0,0.0,1.886,0.0,0.0,0.855,0.0,1.031,0.0,0.855,0.0,0.0,1.031,0.0,0.0,21738.596,1598.879,45.346,0.0,0.0,54.633,1926.336,54.654,1.031,1927.084,45.346,1598.879,0.0,0.0,3525.963,535000.0,11.63,1927.084,54.654,0.021,0.748,0.0,0.0
SUR,Suriname,2012,0.0,0.0,1.895,0.0,0.0,1.071,0.0,0.824,0.0,1.071,0.0,0.0,0.825,0.001,0.0,24725.288,1979.039,56.492,0.0,0.0,43.46,1522.514,43.508,0.825,1524.177,56.492,1979.039,0.0,0.0,3503.216,541000.0,13.376,1524.177,43.508,0.047,1.664,0.0,0.0
SUR,Suriname,2013,0.0,0.0,1.917,0.0,0.0,1.088,0.0,0.829,0.0,1.088,0.0,0.0,0.83,0.001,0.0,23449.58,1988.263,56.727,0.0,0.0,43.221,1514.863,43.273,0.83,1516.691,56.727,1988.263,0.0,0.0,3504.954,547000.0,12.827,1516.691,43.273,0.052,1.828,0.0,0.0
SUR,Suriname,2014,0.0,0.0,1.928,0.0,0.0,1.366,0.0,0.553,0.0,1.366,0.0,0.0,0.562,0.009,0.0,24082.928,2469.837,70.833,0.0,0.0,28.7,1000.741,29.167,0.562,1017.016,70.833,2469.837,0.0,0.0,3486.854,553000.0,13.318,1017.016,29.167,0.467,16.275,0.0,0.0
SUR,Suriname,2015,0.0,0.0,1.943,0.006,0.0,1.46,0.0,0.467,0.0,1.46,0.006,0.0,0.483,0.009,0.0,23339.43,2611.485,75.15,0.0,0.0,24.055,835.921,24.85,0.483,863.562,75.15,2611.485,11.54,0.332,3475.047,559000.0,13.047,863.562,24.85,0.463,16.1,0.0,0.0
SUR,Suriname,2016,0.0,0.0,1.908,0.006,0.0,1.118,0.0,0.775,0.0,1.118,0.006,0.0,0.791,0.009,0.0,20463.463,1978.159,58.569,0.0,0.0,40.621,1371.982,41.431,0.791,1399.329,58.569,1978.159,11.418,0.338,3377.488,565000.0,11.562,1399.329,41.431,0.472,15.929,0.0,0.0
SUR,Suriname,2017,0.0,0.0,1.875,0.006,0.0,0.943,0.0,0.917,0.0,0.943,0.006,0.0,0.932,0.009,0.0,20463.463,1651.173,50.283,0.0,0.0,48.893,1605.499,49.717,0.932,1632.559,50.283,1651.173,11.298,0.344,3283.732,571000.0,11.562,1632.559,49.717,0.48,15.762,0.0,0.0
SUR,Suriname,2018,0.0,0.0,1.889,0.006,0.0,0.883,0.0,0.99,0.0,0.883,0.006,0.0,1.006,0.01,0.0,20463.463,1532.396,46.724,0.0,0.0,52.406,1718.75,53.276,1.006,1747.311,46.724,1532.396,11.2,0.341,3279.707,576000.0,11.562,1747.311,53.276,0.529,17.361,0.0,0.0
SUR,Suriname,2019,0.0,0.0,1.871,0.006,0.0,0.69,0.0,1.164,0.0,0.69,0.006,0.0,1.181,0.01,0.0,20463.463,1188.078,36.894,0.0,0.0,62.227,2003.855,63.106,1.181,2032.17,36.894,1188.078,11.103,0.345,3220.248,581000.0,11.562,2032.17,63.106,0.534,17.212,0.0,0.0
TTO,Trinidad and Tobago,1998,0.0,0.0,5.169,0.02,0.0,5.113,4.093,0.0,0.0,1.02,0.018,0.0,0.018,0.0,0.0,81048.846,4035.517,99.61,79.747,3230.789,0.0,0.0,0.348,0.018,14.263,19.863,804.728,14.263,0.348,4095.88,1262000.0,102.284,14.263,0.348,0.0,0.0,0.0,0.0
TTO,Trinidad and Tobago,1999,0.0,0.0,5.247,0.02,0.0,5.113,4.093,0.0,0.0,1.02,0.018,0.0,0.018,0.0,0.0,89938.044,4035.517,99.61,79.747,3230.789,0.0,0.0,0.343,0.018,14.241,19.863,804.728,14.241,0.343,4151.108,1264000.0,113.682,14.241,0.343,0.0,0.0,0.0,0.0
TTO,Trinidad and Tobago,2000,0.0,0.0,5.133,0.02,0.0,5.113,4.093,0.0,0.0,1.02,0.02,0.0,0.02,0.0,0.0,93786.269,4035.517,99.61,79.747,3230.789,0.0,0.0,0.39,0.02,15.785,19.863,804.728,15.785,0.39,4051.302,1267000.0,118.827,15.785,0.39,0.0,0.0,0.0,0.0
TTO,Trinidad and Tobago,2001,0.0,0.0,5.307,0.029,0.0,5.278,4.226,0.0,0.0,1.052,0.029,0.0,0.029,0.0,0.0,100793.156,4149.371,99.454,79.621,3321.939,0.0,0.0,0.546,0.029,22.799,19.832,827.432,22.799,0.546,4172.17,1272000.0,128.209,22.799,0.546,0.0,0.0,0.0,0.0
TTO,Trinidad and Tobago,2002,0.0,0.0,5.307,0.026,0.0,5.281,4.228,0.0,0.0,1.053,0.026,0.0,0.026,0.0,0.0,108949.204,4135.474,99.51,79.667,3310.813,0.0,0.0,0.49,0.026,20.36,19.843,824.66,20.36,0.49,4155.834,1277000.0,139.128,20.36,0.49,0.0,0.0,0.0,0.0
TTO,Trinidad and Tobago,2003,0.0,0.0,6.052,0.012,0.0,6.04,4.836,0.0,0.0,1.204,0.012,0.0,0.012,0.0,0.0,121484.032,4704.05,99.802,79.9,3766.009,0.0,0.0,0.198,0.012,9.346,19.902,938.041,9.346,0.198,4713.396,1284000.0,155.985,9.346,0.198,0.0,0.0,0.0,0.0
TTO,Trinidad and Tobago,2004,0.0,0.0,6.046,0.023,0.0,6.023,4.822,0.0,0.0,1.201,0.023,0.0,0.023,0.0,0.0,132975.116,4668.992,99.62,79.754,3737.942,0.0,0.0,0.38,0.023,17.829,19.865,931.05,17.829,0.38,4686.822,1290000.0,171.538,17.829,0.38,0.0,0.0,0.0,0.0
TTO,Trinidad and Tobago,2005,0.0,0.0,6.638,0.022,0.0,6.614,5.295,0.0,0.0,1.319,0.022,0.0,0.024,0.002,0.0,141920.013,5103.395,99.638,79.769,4085.72,0.0,0.0,0.362,0.024,18.519,19.869,1017.675,16.975,0.331,5121.914,1296000.0,183.928,18.519,0.362,0.03,1.543,0.0,0.0
TTO,Trinidad and Tobago,2006,0.0,0.0,6.745,0.026,0.0,6.716,5.377,0.0,0.0,1.339,0.026,0.0,0.029,0.003,0.0,164869.23,5154.259,99.57,79.715,4126.442,0.0,0.0,0.43,0.029,22.256,19.855,1027.818,19.954,0.385,5176.516,1303000.0,214.825,22.256,0.43,0.044,2.302,0.0,0.0
TTO,Trinidad and Tobago,2007,0.0,0.0,7.22,0.019,0.0,7.198,5.763,0.0,0.0,1.435,0.019,0.0,0.022,0.003,0.0,169362.189,5503.058,99.695,79.815,4405.686,0.0,0.0,0.305,0.022,16.82,19.88,1097.372,14.526,0.263,5519.878,1308000.0,221.526,16.82,0.305,0.042,2.294,0.0,0.0
TTO,Trinidad and Tobago,2008,0.0,0.0,7.271,0.02,0.0,7.248,5.803,0.0,0.0,1.445,0.02,0.0,0.023,0.003,0.0,166108.712,5515.982,99.684,79.806,4416.032,0.0,0.0,0.316,0.023,17.504,19.878,1099.949,15.221,0.275,5533.486,1314000.0,218.267,17.504,0.316,0.041,2.283,0.0,0.0
TTO,Trinidad and Tobago,2009,0.0,0.0,7.378,0.019,0.0,7.355,5.888,0.0,0.0,1.467,0.019,0.0,0.023,0.004,0.0,163859.183,5567.752,99.688,79.809,4457.479,0.0,0.0,0.312,0.023,17.411,19.879,1110.273,14.383,0.258,5585.163,1321000.0,216.458,17.411,0.312,0.054,3.028,0.0,0.0
TTO,Trinidad and Tobago,2010,0.0,0.0,7.98,0.0,0.0,7.976,6.968,0.0,0.0,1.008,0.0,0.0,0.004,0.004,0.0,176106.743,6005.949,99.95,87.32,5247.014,0.0,0.0,0.05,0.004,3.012,12.63,758.935,0.0,0.0,6008.961,1328000.0,233.87,3.012,0.05,0.05,3.012,0.0,0.0
TTO,Trinidad and Tobago,2011,0.0,0.0,8.246,0.0,0.0,8.242,7.2,0.0,0.0,1.041,0.0,0.0,0.004,0.004,0.0,171910.958,6169.102,99.951,87.321,5389.55,0.0,0.0,0.049,0.004,2.994,12.63,779.552,0.0,0.0,6172.096,1336000.0,229.673,2.994,0.049,0.049,2.994,0.0,0.0
TTO,Trinidad and Tobago,2012,0.0,0.0,8.584,0.0,0.0,8.58,7.496,0.0,0.0,1.084,0.0,0.0,0.004,0.004,0.0,168104.048,6379.42,99.953,87.323,5573.292,0.0,0.0,0.047,0.004,2.974,12.631,806.128,0.0,0.0,6382.394,1345000.0,226.1,2.974,0.047,0.047,2.974,0.0,0.0
TTO,Trinidad and Tobago,2013,0.0,0.0,8.935,0.0,0.0,8.931,7.802,0.0,0.0,1.129,0.0,0.0,0.004,0.004,0.0,170085.114,6595.968,99.955,87.324,5762.475,0.0,0.0,0.045,0.004,2.954,12.631,833.492,0.0,0.0,6598.922,1354000.0,230.295,2.954,0.045,0.045,2.954,0.0,0.0
TTO,Trinidad and Tobago,2014,0.0,0.0,9.302,0.0,0.0,9.298,8.123,0.0,0.0,1.175,0.0,0.0,0.004,0.004,0.0,168217.042,6826.388,99.957,87.326,5963.779,0.0,0.0,0.043,0.004,2.937,12.631,862.609,0.0,0.0,6829.325,1362000.0,229.112,2.937,0.043,0.043,2.937,0.0,0.0
TTO,Trinidad and Tobago,2015,0.0,0.0,9.682,0.0,0.0,9.677,8.454,0.0,0.0,1.223,0.0,0.0,0.005,0.005,0.0,162264.395,7063.723,99.948,87.318,6171.123,0.0,0.0,0.052,0.005,3.65,12.63,892.599,0.0,0.0,7067.372,1370000.0,222.302,3.65,0.052,0.052,3.65,0.0,0.0
TTO,Trinidad and Tobago,2016,0.0,0.0,9.411,0.0,0.0,9.406,8.217,0.0,0.0,1.189,0.0,0.0,0.005,0.005,0.0,143129.432,6825.573,99.947,87.317,5963.067,0.0,0.0,0.053,0.005,3.628,12.63,862.506,0.0,0.0,6829.202,1378000.0,197.232,3.628,0.053,0.053,3.628,0.0,0.0
TTO,Trinidad and Tobago,2017,0.0,0.0,9.336,0.0,0.0,9.331,8.152,0.0,0.0,1.179,0.0,0.0,0.005,0.005,0.0,151217.565,6742.327,99.946,87.317,5890.34,0.0,0.0,0.054,0.005,3.613,12.63,851.987,0.0,0.0,6745.939,1384000.0,209.285,3.613,0.054,0.054,3.613,0.0,0.0
TTO,Trinidad and Tobago,2018,0.0,0.0,8.672,0.0,0.0,8.667,7.572,0.0,0.0,1.095,0.0,0.0,0.005,0.005,0.0,142575.73,6235.108,99.942,87.313,5447.215,0.0,0.0,0.058,0.005,3.597,12.629,787.892,0.0,0.0,6238.705,1390000.0,198.18,3.597,0.058,0.058,3.597,0.0,0.0
TTO,Trinidad and Tobago,2019,0.0,0.0,8.335,0.0,0.0,8.33,7.277,0.0,0.0,1.053,0.0,0.0,0.005,0.005,0.0,142118.82,5971.302,99.94,87.311,5216.745,0.0,0.0,0.06,0.005,3.584,12.629,754.557,0.0,0.0,5974.886,1395000.0,198.256,3.584,0.06,0.06,3.584,0.0,0.0
URY,Uruguay,1998,0.0,0.0,7.494,0.035,0.0,0.478,0.195,6.981,0.0,0.283,0.035,0.0,7.016,0.0,0.0,16044.719,143.976,6.378,2.602,58.725,93.155,2102.711,93.622,7.016,2113.253,3.777,85.25,10.542,0.467,2257.229,3291000.0,52.803,2113.253,93.622,0.0,0.0,0.0,0.0
URY,Uruguay,1999,0.0,0.0,7.494,0.035,0.0,0.478,0.195,6.981,0.0,0.283,0.035,0.0,7.016,0.0,0.0,13673.816,143.976,6.378,2.602,58.725,93.155,2102.711,93.622,7.016,2113.253,3.777,85.25,10.542,0.467,2257.229,3308000.0,45.233,2113.253,93.622,0.0,0.0,0.0,0.0
URY,Uruguay,2000,0.0,0.0,7.494,0.035,0.0,0.478,0.195,6.981,0.0,0.283,0.035,0.0,7.016,0.0,0.0,14091.134,143.976,6.378,2.602,58.725,93.155,2102.711,93.622,7.016,2113.253,3.777,85.25,10.542,0.467,2257.229,3320000.0,46.783,2113.253,93.622,0.0,0.0,0.0,0.0
URY,Uruguay,2001,0.0,0.0,9.162,0.037,0.0,0.021,0.009,9.104,0.0,0.012,0.037,0.0,9.141,0.0,0.0,15680.227,6.316,0.229,0.093,2.576,99.367,2738.045,99.771,9.141,2749.173,0.136,3.74,11.128,0.404,2755.489,3325000.0,52.137,2749.173,99.771,0.0,0.0,0.0,0.0
URY,Uruguay,2002,0.0,0.0,9.513,0.039,0.0,0.032,0.013,9.442,0.0,0.019,0.039,0.0,9.481,0.0,0.0,14232.983,9.621,0.336,0.137,3.924,99.254,2838.845,99.664,9.481,2850.571,0.199,5.697,11.726,0.41,2860.192,3326000.0,47.339,2850.571,99.664,0.0,0.0,0.0,0.0
URY,Uruguay,2003,0.0,0.0,8.53,0.038,0.0,0.046,0.019,8.446,0.0,0.027,0.038,0.0,8.484,0.0,0.0,14056.993,13.839,0.539,0.22,5.645,99.015,2540.915,99.461,8.484,2552.347,0.319,8.194,11.432,0.445,2566.185,3324000.0,46.725,2552.347,99.461,0.0,0.0,0.0,0.0
URY,Uruguay,2004,0.0,0.0,5.787,0.036,0.0,1.018,0.415,4.733,0.0,0.603,0.036,0.0,4.769,0.0,0.0,12813.973,306.534,17.591,7.175,125.03,81.787,1425.173,82.409,4.769,1436.013,10.416,181.504,10.84,0.622,1742.547,3321000.0,42.555,1436.013,82.409,0.0,0.0,0.0,0.0
URY,Uruguay,2005,0.0,0.0,7.562,0.039,0.0,0.905,0.369,6.618,0.0,0.536,0.039,0.0,6.657,0.0,0.0,14310.618,272.426,11.968,4.881,111.118,87.517,1992.173,88.032,6.657,2003.913,7.086,161.308,11.74,0.516,2276.34,3322000.0,47.54,2003.913,88.032,0.0,0.0,0.0,0.0
URY,Uruguay,2006,0.0,0.0,5.467,0.05,0.0,1.857,0.757,3.56,0.0,1.1,0.05,0.0,3.61,0.0,0.0,12471.264,558.496,33.967,13.855,227.802,65.118,1070.677,66.033,3.61,1085.714,20.113,330.695,15.038,0.915,1644.211,3325000.0,41.467,1085.714,66.033,0.0,0.0,0.0,0.0
URY,Uruguay,2007,0.0,0.0,9.272,0.137,0.0,1.147,0.468,7.988,0.0,0.679,0.137,0.0,8.125,0.0,0.0,15755.6,344.178,12.369,5.045,140.385,86.154,2397.359,87.631,8.125,2438.475,7.324,203.793,41.116,1.478,2782.653,3332000.0,52.498,2438.475,87.631,0.0,0.0,0.0,0.0
URY,Uruguay,2008,0.0,0.0,8.518,0.838,0.0,3.222,1.314,4.455,0.0,1.908,0.838,0.0,5.296,0.0,0.003,16393.62,964.766,37.828,15.429,393.513,52.299,1333.832,62.172,5.296,1585.629,22.399,571.254,250.898,9.838,2550.395,3340000.0,54.755,1585.629,62.172,0.0,0.0,0.035,0.898
URY,Uruguay,2009,0.0,0.0,8.648,0.793,0.0,2.606,1.063,5.207,0.0,1.543,0.793,0.0,6.042,0.0,0.042,17122.352,777.815,30.132,12.29,317.258,60.213,1554.328,69.868,6.042,1803.582,17.841,460.557,236.716,9.17,2581.397,3350000.0,57.36,1803.582,69.868,0.0,0.0,0.486,12.537
URY,Uruguay,2010,0.0,0.0,11.026,1.1,0.0,1.279,0.522,8.579,0.0,0.758,1.1,0.0,9.747,0.0,0.068,18190.409,380.869,11.603,4.733,155.35,77.805,2554.034,88.397,9.747,2901.756,6.87,225.519,327.478,9.976,3282.626,3359000.0,61.102,2901.756,88.397,0.0,0.0,0.617,20.244
URY,Uruguay,2011,0.0,0.0,10.373,1.131,0.0,2.718,1.109,6.414,0.0,1.61,1.131,0.0,7.655,0.0,0.11,17546.468,806.91,26.206,10.689,329.126,61.831,1903.829,73.794,7.655,2272.188,15.517,477.784,335.708,10.903,3079.098,3369000.0,59.114,2272.188,73.794,0.0,0.0,1.06,32.651
URY,Uruguay,2012,0.0,0.0,10.609,1.32,0.0,3.811,1.554,5.367,0.0,2.256,1.32,0.0,6.798,0.0,0.111,17599.825,1127.777,35.921,14.652,460.002,50.59,1588.34,64.079,6.798,2011.838,21.269,667.775,390.648,12.443,3139.615,3379000.0,59.47,2011.838,64.079,0.0,0.0,1.046,32.85
URY,Uruguay,2013,0.0,0.0,11.471,1.46,0.0,1.743,0.711,8.124,0.0,1.032,1.46,0.0,9.728,0.0,0.144,18571.838,514.24,15.193,6.197,209.75,70.824,2397.167,84.807,9.728,2870.463,8.996,304.49,430.806,12.728,3384.703,3389000.0,62.94,2870.463,84.807,0.0,0.0,1.255,42.49
URY,Uruguay,2014,0.0,0.0,12.858,1.923,0.0,0.645,0.263,9.553,0.0,0.382,1.923,0.0,12.213,0.004,0.733,19340.047,189.659,5.015,2.046,77.359,74.297,2809.706,94.985,12.213,3592.059,2.97,112.3,565.588,14.956,3781.718,3400000.0,65.756,3592.059,94.985,0.031,1.176,5.701,215.588
URY,Uruguay,2015,0.0,0.0,13.588,2.407,0.0,0.884,0.36,8.183,0.0,0.523,2.407,0.0,12.704,0.049,2.065,19710.242,258.968,6.503,2.652,105.629,60.224,2398.3,93.497,12.704,3723.329,3.851,153.339,705.451,17.715,3982.298,3412000.0,67.251,3723.329,93.497,0.361,14.361,15.198,605.217
URY,Uruguay,2016,0.0,0.0,13.778,2.453,0.0,0.416,0.17,7.764,0.0,0.247,2.453,0.0,13.362,0.151,2.994,20204.327,121.618,3.022,1.233,49.606,56.349,2267.523,96.978,13.362,3902.453,1.79,72.012,716.414,17.803,4024.071,3424000.0,69.18,3902.453,96.978,1.096,44.1,21.73,874.416
URY,Uruguay,2017,0.0,0.0,14.267,2.568,0.0,0.213,0.087,7.443,0.0,0.126,2.568,0.0,14.054,0.269,3.774,20204.327,62.083,1.496,0.61,25.323,52.168,2165.551,98.504,14.054,4089.031,0.886,36.76,747.163,17.999,4151.114,3437000.0,69.18,4089.031,98.504,1.885,78.266,26.452,1098.051
URY,Uruguay,2018,0.0,0.0,14.535,2.554,0.0,0.342,0.14,6.491,0.0,0.203,2.554,0.0,14.193,0.416,4.732,20204.327,99.206,2.354,0.96,40.464,44.657,1881.995,97.646,14.193,4115.106,1.394,58.741,740.504,17.571,4214.311,3449000.0,69.18,4115.106,97.646,2.862,120.615,32.556,1371.992
URY,Uruguay,2019,0.0,0.0,15.99,2.515,0.0,0.272,0.111,8.027,0.0,0.161,2.515,0.0,15.718,0.423,4.753,20204.327,78.469,1.699,0.693,32.006,50.201,2318.579,98.301,15.718,4540.127,1.006,46.463,726.459,15.729,4618.596,3462000.0,69.18,4540.127,98.301,2.645,122.184,29.726,1372.906
URY,Uruguay,2020,0.0,0.0,13.482,2.721,0.0,0.801,0.111,4.067,0.0,0.69,2.721,0.0,12.681,0.458,5.435,20204.327,230.52,5.94,0.822,31.898,30.168,1170.825,94.06,12.681,3650.471,5.118,198.622,783.238,20.181,3880.991,3462000.0,69.18,3650.471,94.06,3.396,131.813,40.314,1564.595
VEN,Venezuela,1998,0.0,0.0,80.904,0.0,0.0,21.042,21.042,57.923,0.0,0.0,0.0,0.0,57.923,0.0,0.0,33679.005,869.792,25.279,25.279,869.792,71.595,2487.14,71.595,57.923,2487.14,0.0,0.0,0.0,0.0,3473.915,23289000.0,784.35,2487.14,71.595,0.0,0.0,0.0,0.0
VEN,Venezuela,1999,0.0,0.0,80.585,0.0,0.0,21.042,21.042,60.6,0.0,0.0,0.0,0.0,60.6,0.0,0.0,31866.026,869.792,25.279,25.279,869.792,75.2,2552.654,75.2,60.6,2552.654,0.0,0.0,0.0,0.0,3394.482,23740000.0,756.499,2552.654,75.2,0.0,0.0,0.0,0.0
VEN,Venezuela,2000,0.0,0.0,83.24,0.0,0.0,21.042,21.042,62.198,0.0,0.0,0.0,0.0,62.198,0.0,0.0,31891.243,869.792,25.279,25.279,869.792,74.721,2571.015,74.721,62.198,2571.015,0.0,0.0,0.0,0.0,3440.807,24192000.0,771.513,2571.015,74.721,0.0,0.0,0.0,0.0
VEN,Venezuela,2001,0.0,0.0,87.733,0.0,0.0,27.888,27.888,59.845,0.0,0.0,0.0,0.0,59.845,0.0,0.0,33180.852,1131.543,31.787,31.787,1131.543,68.213,2428.183,68.213,59.845,2428.183,0.0,0.0,0.0,0.0,3559.726,24646000.0,817.775,2428.183,68.213,0.0,0.0,0.0,0.0
VEN,Venezuela,2002,0.0,0.0,86.646,0.0,0.0,27.706,27.706,58.94,0.0,0.0,0.0,0.0,58.94,0.0,0.0,32509.579,1103.825,31.976,31.976,1103.825,68.024,2348.207,68.024,58.94,2348.207,0.0,0.0,0.0,0.0,3452.032,25100000.0,815.99,2348.207,68.024,0.0,0.0,0.0,0.0
VEN,Venezuela,2003,0.0,0.0,89.267,0.0,0.0,29.34,29.34,59.927,0.0,0.0,0.0,0.0,59.927,0.0,0.0,28674.974,1148.247,32.868,32.868,1148.247,67.132,2345.296,67.132,59.927,2345.296,0.0,0.0,0.0,0.0,3493.543,25552000.0,732.703,2345.296,67.132,0.0,0.0,0.0,0.0
VEN,Venezuela,2004,0.0,0.0,96.216,0.0,0.0,26.842,26.842,69.374,0.0,0.0,0.0,0.0,69.374,0.0,0.0,31410.03,1032.504,27.898,27.898,1032.504,72.102,2668.539,72.102,69.374,2668.539,0.0,0.0,0.0,0.0,3701.042,25997000.0,816.567,2668.539,72.102,0.0,0.0,0.0,0.0
VEN,Venezuela,2005,0.0,0.0,101.385,0.0,0.0,24.928,24.928,76.457,0.0,0.0,0.0,0.0,76.457,0.0,0.0,32235.781,943.099,24.587,24.587,943.099,75.413,2892.592,75.413,76.457,2892.592,0.0,0.0,0.0,0.0,3835.692,26432000.0,852.056,2892.592,75.413,0.0,0.0,0.0,0.0
VEN,Venezuela,2006,0.0,0.0,107.904,0.0,0.0,27.12,27.12,80.784,0.0,0.0,0.0,0.0,80.784,0.0,0.0,35278.352,1010.056,25.133,25.133,1010.056,74.867,3008.715,74.867,80.784,3008.715,0.0,0.0,0.0,0.0,4018.771,26850000.0,947.224,3008.715,74.867,0.0,0.0,0.0,0.0
VEN,Venezuela,2007,0.0,0.0,111.842,0.0,0.0,29.614,29.614,82.228,0.0,0.0,0.0,0.0,82.228,0.0,0.0,34972.919,1086.823,26.478,26.478,1086.823,73.522,3017.763,73.522,82.228,3017.763,0.0,0.0,0.0,0.0,4104.586,27248000.0,952.942,3017.763,73.522,0.0,0.0,0.0,0.0
VEN,Venezuela,2008,0.0,0.0,116.482,0.0,0.0,30.509,30.509,85.973,0.0,0.0,0.0,0.0,85.973,0.0,0.0,35638.321,1103.946,26.192,26.192,1103.946,73.808,3110.906,73.808,85.973,3110.906,0.0,0.0,0.0,0.0,4214.852,27636000.0,984.901,3110.906,73.808,0.0,0.0,0.0,0.0
VEN,Venezuela,2009,0.0,0.0,116.703,0.0,0.0,31.601,31.601,85.102,0.0,0.0,0.0,0.0,85.102,0.0,0.0,34984.443,1127.359,27.078,27.078,1127.359,72.922,3035.996,72.922,85.102,3035.996,0.0,0.0,0.0,0.0,4163.355,28031000.0,980.649,3035.996,72.922,0.0,0.0,0.0,0.0
VEN,Venezuela,2010,0.0,0.0,110.78,0.0,0.0,34.766,34.766,76.012,0.0,0.0,0.0,0.0,76.014,0.002,0.0,32512.027,1222.43,31.383,31.383,1222.43,68.615,2672.714,68.617,76.014,2672.785,0.0,0.0,0.0,0.0,3895.214,28440000.0,924.642,2672.785,68.617,0.002,0.07,0.0,0.0
VEN,Venezuela,2011,0.0,0.0,115.069,0.0,0.0,32.234,32.234,82.833,0.0,0.0,0.0,0.0,82.835,0.002,0.0,33467.535,1115.811,28.012,28.012,1115.811,71.986,2867.384,71.988,82.835,2867.454,0.0,0.0,0.0,0.0,3983.264,28888000.0,966.81,2867.454,71.988,0.002,0.069,0.0,0.0
VEN,Venezuela,2012,0.0,0.0,118.488,0.0,0.0,37.266,37.266,81.188,0.0,0.0,0.0,0.0,81.222,0.004,0.03,34278.464,1269.245,31.451,31.451,1269.245,68.52,2765.165,68.549,81.222,2766.323,0.0,0.0,0.0,0.0,4035.568,29361000.0,1006.45,2766.323,68.549,0.003,0.136,0.025,1.022
VEN,Venezuela,2013,0.0,0.0,120.023,0.0,0.0,37.238,37.238,82.71,0.0,0.0,0.0,0.0,82.785,0.004,0.071,32957.863,1250.398,31.026,31.026,1250.398,68.912,2777.274,68.974,82.785,2779.792,0.0,0.0,0.0,0.0,4030.19,29781000.0,981.518,2779.792,68.974,0.003,0.134,0.059,2.384
VEN,Venezuela,2014,0.0,0.0,100.333,0.0,0.0,36.612,36.612,63.645,0.0,0.0,0.0,0.0,63.721,0.005,0.071,31572.89,1218.655,36.491,36.491,1218.655,63.434,2118.464,63.509,63.721,2120.993,0.0,0.0,0.0,0.0,3339.649,30043000.0,948.544,2120.993,63.509,0.005,0.166,0.071,2.363
VEN,Venezuela,2015,0.0,0.0,119.181,0.0,0.0,44.953,44.953,74.15,0.0,0.0,0.0,0.0,74.228,0.007,0.071,30422.2,1494.338,37.718,37.718,1494.338,62.216,2464.929,62.282,74.228,2467.522,0.0,0.0,0.0,0.0,3961.86,30082000.0,915.161,2467.522,62.282,0.006,0.233,0.06,2.36
VEN,Venezuela,2016,0.0,0.0,104.654,0.0,0.0,42.247,42.247,62.329,0.0,0.0,0.0,0.0,62.407,0.007,0.071,27817.912,1415.275,40.368,40.368,1415.275,59.557,2088.004,59.632,62.407,2090.617,0.0,0.0,0.0,0.0,3505.891,29851000.0,830.392,2090.617,59.632,0.007,0.234,0.068,2.378
VEN,Venezuela,2017,0.0,0.0,100.581,0.0,0.0,40.601,40.601,59.902,0.0,0.0,0.0,0.0,59.98,0.007,0.071,26974.738,1380.907,40.367,40.367,1380.907,59.556,2037.342,59.633,59.98,2039.995,0.0,0.0,0.0,0.0,3420.902,29402000.0,793.111,2039.995,59.633,0.007,0.238,0.071,2.415
VEN,Venezuela,2018,0.0,0.0,96.665,0.0,0.0,39.019,39.019,57.568,0.0,0.0,0.0,0.0,57.646,0.006,0.071,23598.421,1350.76,40.366,40.366,1350.76,59.555,1992.886,59.634,57.646,1995.552,0.0,0.0,0.0,0.0,3346.311,28887000.0,681.688,1995.552,59.634,0.006,0.208,0.073,2.458
VEN,Venezuela,2019,0.0,0.0,89.16,0.0,0.0,37.042,37.042,52.041,0.0,0.0,0.0,0.0,52.118,0.006,0.071,21691.926,1298.977,41.545,41.545,1298.977,58.368,1824.987,58.455,52.118,1827.687,0.0,0.0,0.0,0.0,3126.665,28516000.0,618.567,1827.687,58.455,0.007,0.21,0.08,2.49
