country,population,low_carbon_share_elec,fossil_share_elec,renewables_share_elec,nuclear_share_elec,fossil_cons_per_capita,per_capita_electricity,continente,iso_code,fossil_percentage,nuclear_percentage,renewables_percentage
Afghanistan,34.24733333333333,83.54344444444445,16.456555555555557,83.54344444444445,0.0,5.1561111111111115,31.813000000000002,Asia,AFG,0.12465840588145832,0.0,1.3104072976363177
Albania,2.896444444444444,99.85144444444444,0.14855555555555555,99.85144444444444,0.0,2.1038888888888887,1998.4319999999998,Europa,ALB,0.0011253083111999254,0.0,1.5662038158665899
Algeria,39.78422222222222,0.7663333333333333,99.23366666666666,0.7663333333333333,0.0,1568.1033333333335,1580.1572222222223,África,DZA,0.7516950102150988,0.0,0.012020198581706235
American Samoa,0.05577777777777778,0.0,100.0,0.0,0.0,2888.7443333333335,2888.7443333333335,Oceanía,ASM,0.7574999851009222,0.0,0.0
Angola,27.940555555555555,65.67355555555555,34.32644444444444,65.67355555555555,0.0,110.65,326.0078888888889,África,AGO,0.26002281155234297,0.0,1.0301120217631508
Antigua and Barbuda,0.09344444444444444,1.572,98.428,1.572,0.0,3415.806888888889,3470.763111111111,Norteamérica,ATG,0.7455920853351357,0.0,0.024657353854426536
Argentina,43.06344444444445,29.9663,70.0337,24.9565,5.0098,2166.5081999999998,3092.0546999999997,Sudamérica,ARG,0.5305052670656245,0.6926304754613376,0.39145117777862326
Armenia,2.920888888888889,61.522333333333336,38.477666666666664,31.018000000000004,30.504444444444445,962.8684444444445,2498.7833333333333,Asia,ARM,0.29146831926718253,4.217395476713545,0.4865278637764646
Aruba,0.10422222222222222,16.076999999999998,83.923,16.076999999999998,0.0,7390.892444444446,8805.611222222222,Norteamérica,ABW,0.635716712496247,0.0,0.25217320478219807
Australia,23.90822222222222,16.1249,83.8751,16.1249,0.0,8471.3554,10092.2916,Oceanía,AUS,0.6353538700033836,0.0,0.25292453254913644
Austria,8.690999999999999,76.4209,23.5791,76.4209,0.0,1778.6686999999997,7540.0496,Europa,AUT,0.17861167898693156,0.0,1.1986877691944942
Azerbaijan,9.611555555555556,8.4712,91.5288,8.4712,0.0,2180.4188999999997,2380.2042,Asia,AZE,0.6933306463630529,0.0,0.13287364883690717
Bahamas,0.37455555555555553,0.10388888888888889,99.89611111111111,0.10388888888888889,0.0,4955.024666666667,4960.142555555555,Norteamérica,BHS,0.7567130267830674,0.0,0.0016295325031021215
Bahrain,1.4145555555555556,0.025777777777777778,99.97422222222222,0.025777777777777778,0.0,18337.90088888889,18342.632777777777,Asia,BHR,0.7573047184380962,0.0,0.00040433319863068676
Bangladesh,156.21088355555557,1.7922,98.20779999999999,1.7922,0.0,381.5307,388.3824,Asia,BGD,0.7439240703679434,0.0,0.0281112656347985
Barbados,0.2852222222222222,1.8823333333333332,98.11766666666666,1.8823333333333332,0.0,3443.0034444444445,3509.143555555556,Norteamérica,BRB,0.7432413103813724,0.0,0.02952503757759683
Belarus,9.436444444444444,1.5657999999999999,98.4342,1.5657999999999999,0.0,3418.4892,3475.0667000000003,Europa,BLR,0.745639050334212,0.0,0.02456010474889381
Belgium,11.28411111111111,64.9044,35.095600000000005,18.0854,46.819,2502.6767,7162.171700000001,Europa,BEL,0.2658491647710793,6.472966232309547,0.28367564083896035
Belize,0.3605555555555556,96.514,3.4859999999999998,96.514,0.0,36.427,1044.2871111111112,Norteamérica,BLZ,0.026406449480618148,0.0,1.5138548663524953
Benin,10.599,2.7984444444444443,97.20155555555556,2.7984444444444443,0.0,16.970444444444446,17.418111111111113,África,BEN,0.7363017688511979,0.0,0.04389455146858826
Bermuda,0.06377777777777778,0.0,100.0,0.0,0.0,9883.248444444445,9883.248444444445,Norteamérica,BMU,0.7574999851009222,0.0,0.0
Bhutan,0.728,99.99466666666666,0.005333333333333333,99.99466666666666,0.0,0.5341111111111112,9956.359888888888,Asia,BTN,4.0399999205382515e-05,0.0,1.568450305060706
Bolivia,10.866777777777777,31.720999999999997,68.279,31.720999999999997,0.0,529.8247,775.3887000000001,Sudamérica,BOL,0.5172134148270586,0.0,0.49755465751670747
Bosnia and Herzegovina,3.4536666666666664,34.230000000000004,65.77000000000001,34.230000000000004,0.0,3028.456,4615.421,Europa,BIH,0.4982077402008766,0.0,0.5369091745782573
Botswana,2.1390000000000002,0.165,99.835,0.165,0.0,915.9156666666667,917.3912222222223,África,BWA,0.7562501101255057,0.0,0.0025880810343386633
Brazil,204.3988906666667,83.5328,16.4672,80.964,2.5686,460.6263,2791.1204,Sudamérica,BRA,0.12473903754653905,0.35512208856042,1.2699478355405789
British Virgin Islands,0.029222222222222222,1.0435555555555556,98.95644444444444,1.0435555555555556,0.0,5487.337888888888,5537.632333333333,Norteamérica,VGB,0.749595051923069,0.0,0.01636852328249746
Brunei,0.4142222222222222,0.041666666666666664,99.95833333333333,0.041666666666666664,0.0,9529.411666666667,9533.415888888889,Asia,BRN,0.7571843601071301,0.0,0.0006535558167521877
Bulgaria,7.194999999999999,50.1946,49.8054,15.3273,34.867399999999996,3169.4013,6346.6296999999995,Europa,BGR,0.3772758975794547,4.820596399077936,0.24041390568253934
Burkina Faso,18.148222222222223,15.253888888888888,84.74611111111112,15.253888888888888,0.0,41.15822222222222,48.46711111111111,África,BFA,0.6419517790402777,0.0,0.23926242747419757
Burundi,10.196555555555555,80.43233333333335,19.567666666666668,80.43233333333335,0.0,4.397777777777778,20.438333333333333,África,BDI,0.14822507208459812,0.0,1.2616084633188211
Cambodia,15.517222222222223,46.68411111111111,53.31588888888889,46.68411111111111,0.0,134.38844444444445,272.6222222222222,Asia,KHM,0.4038678503897576,0.0,0.7322561367977304
Cameroon,23.337,66.47200000000001,33.528,66.47200000000001,0.0,103.06644444444444,301.95955555555554,África,CMR,0.2539745950046372,0.0,1.0426358940276341
Canada,36.00555555555556,81.0555,18.944499999999998,66.18379999999999,14.8717,3324.2392999999997,17523.4622,Norteamérica,CAN,0.14350458467744417,2.0560885947379886,1.0381153791543225
Cayman Islands,0.06166666666666666,0.8367777777777778,99.16322222222223,0.8367777777777778,0.0,10142.47,10230.422444444444,Norteamérica,CYM,0.7511613935589277,0.0,0.013125143615895268
Central African Republic,4.533888888888889,96.28844444444445,3.711555555555556,96.28844444444445,0.0,1.4253333333333333,35.50244444444444,África,CAF,0.028115032780345786,0.0,1.510316950864477
Chad,14.127222222222223,1.8128888888888888,98.18711111111111,1.8128888888888888,0.0,15.08311111111111,15.354333333333333,África,TCD,0.7437673520376925,0.0,0.02843577788300985
Chile,18.032666666666668,43.7029,56.2971,43.7029,0.0,2255.4612,4013.3495000000003,Sudamérica,CHL,0.42645052411225126,0.0,0.6854948280945403
China,1406.1546666666666,27.152300000000004,72.8477,23.9109,3.2415,3110.0034,4308.0039,Asia,CHN,0.5518213166463645,0.448153955488827,0.3750505866907172
Colombia,47.75644444444444,73.7897,26.2103,73.7897,0.0,394.9527,1493.8169,Sudamérica,COL,0.19854301859490703,0.0,1.1574165036335735
Comoros,0.778,3.307,96.69300000000001,3.307,0.0,87.19066666666667,89.75455555555556,África,COM,0.7324494605936348,0.0,0.05187141806398763
Congo,4.870888888888889,47.108222222222224,52.891777777777776,47.108222222222224,0.0,276.16633333333334,493.28888888888895,África,COG,0.4006552087862795,0.0,0.7389084636045121
Cook Islands,0.018,11.258777777777778,88.74122222222223,11.258777777777778,0.0,1641.9753333333333,1876.6544444444444,Oceanía,COK,0.6722147451117098,0.0,0.17659775294848648
Costa Rica,4.844666666666666,95.7824,4.2176,95.7824,0.0,89.944,2195.9947,Norteamérica,CRI,0.03194831937161649,0.0,1.5023794718996337
Croatia,4.228111111111111,63.301,36.699,63.301,0.0,1059.4664,2935.9398,Europa,HRV,0.27799491953218747,0.0,0.9928976821495257
Cuba,11.306000000000001,4.011333333333334,95.98866666666667,4.011333333333334,0.0,1580.2584444444446,1646.3255555555556,Norteamérica,CUB,0.727114135698574,0.0,0.06291912559036662
Cyprus,1.1616666666666666,8.0901,91.90990000000001,8.0901,0.0,3855.8008,4198.1936000000005,Europa,CYP,0.6962174788062725,0.0,0.12689596591456495
Czechia,10.615777777777778,44.833600000000004,55.166399999999996,10.719100000000001,34.1146,4402.0799,7977.1053,Europa,CZE,0.41788547178071517,4.716517948455698,0.16813272372836102
Democratic Republic of Congo,76.466,99.79077777777778,0.20922222222222223,99.79077777777778,0.0,0.24422222222222223,117.54644444444446,África,COD,0.0015848583021611518,0.0,1.5652522385973988
Denmark,5.6835555555555555,60.8865,39.1135,60.8865,0.0,2193.4209,5493.0187,Europa,DNK,0.29628475667244925,0.0,0.9550254296803697
Djibouti,0.9137777777777778,0.8294444444444444,99.17055555555555,0.8294444444444444,0.0,203.06977777777777,203.6677777777778,África,DJI,0.7512169435578351,0.0,0.013010117792146883
Dominica,0.07122222222222221,32.31388888888889,67.6861111111111,32.31388888888889,0.0,891.2362222222223,1311.9563333333333,Norteamérica,DMA,0.5127222815820602,0.0,0.5068543210852132
Dominican Republic,10.279555555555556,12.155444444444445,87.84455555555556,12.155444444444445,0.0,1454.9745555555555,1657.3343333333332,Norteamérica,DOM,0.6654224952453046,0.0,0.19066227412499356
Ecuador,16.258111111111113,61.819111111111106,38.18088888888889,61.819111111111106,0.0,577.5028888888888,1545.6397777777777,Sudamérica,ECU,0.289220227644733,0.0,0.969653751674795
Egypt,92.43622222222223,9.922333333333334,90.07766666666666,9.922333333333334,0.0,1576.6162222222222,1749.7901111111112,África,EGY,0.6823383115792583,0.0,0.15563516797809898
El Salvador,6.328222222222222,64.00677777777778,35.99322222222222,64.00677777777778,0.0,320.15766666666667,878.0428888888889,Norteamérica,SLV,0.27264865297067514,0.0,1.003968046277552
Equatorial Guinea,1.1696666666666669,27.402666666666665,72.59733333333332,27.402666666666665,0.0,788.5406666666667,1104.2864444444444,África,GNQ,0.5499247891836667,0.0,0.42982013266851077
Eritrea,3.348777777777778,3.6149999999999998,96.385,3.6149999999999998,0.0,104.41333333333334,109.06377777777777,África,ERI,0.7301163606395239,0.0,0.0567025026614198
Estonia,1.3206666666666667,15.9803,84.0197,15.9803,0.0,7305.530500000001,8546.85,Europa,EST,0.6364492149818395,0.0,0.25065643244267966
Ethiopia,100.94311111111111,99.89044444444444,0.10955555555555556,99.89044444444444,0.0,0.0908888888888889,104.36488888888888,África,ETH,0.0008298833170105659,0.0,1.56681554411107
Fiji,0.8723333333333333,58.81944444444444,41.18055555555556,58.81944444444444,0.0,454.17322222222225,1098.4084444444443,Oceanía,FJI,0.31194270219781034,0.0,0.9226029613151715
Finland,5.472222222222222,76.27090000000001,23.7291,42.660000000000004,33.6109,3015.9975,12615.6487,Europa,FIN,0.17974792896458291,4.646878846996581,0.66913658742356
France,64.32877777777779,90.6893,9.3107,17.3772,73.312,813.8097,8749.0023,Europa,FRA,0.07052855111279156,10.135758995772601,0.27256728333278674
French Guiana,0.26266666666666666,60.39433333333333,39.60566666666667,60.39433333333333,0.0,1485.4677777777777,3751.233333333333,Sudamérica,GUF,0.300012919099121,0.0,0.9473056283728928
French Polynesia,0.2733333333333333,34.49444444444444,65.50555555555555,34.49444444444444,0.0,1442.7215555555556,2201.8251111111113,Oceanía,PYF,0.49620457357360953,0.0,0.5410570754952443
Gabon,1.9387777777777775,43.041777777777774,56.958222222222226,43.041777777777774,0.0,616.866,1083.8504444444445,África,GAB,0.4314585248470835,0.0,0.6751249015205211
Gambia,2.090888888888889,1.1335555555555556,98.86644444444444,1.1335555555555556,0.0,133.06900000000002,134.59066666666666,África,GMB,0.7489133019364782,0.0,0.017780203846682184
Georgia,4.030777777777778,79.99588888888889,20.00411111111111,79.99588888888889,0.0,529.1167777777778,2655.2137777777775,Asia,GEO,0.1515311386862386,0.0,1.2547626839902806
Germany,81.97033333333333,44.5755,55.4245,30.6145,13.9612,4218.0317,7584.9571,Europa,DEU,0.41984057924226065,1.9302073124697248,0.4801988292470364
Ghana,27.872555555555557,58.945,41.055,58.945,0.0,167.55511111111113,413.4881111111111,África,GHA,0.3109916188831836,0.0,0.9245723428429848
Gibraltar,0.034,0.0,100.0,0.0,0.0,5464.902,5464.902,Europa,GIB,0.7574999851009222,0.0,0.0
Greece,10.654555555555556,25.8654,74.1346,25.8654,0.0,3782.6511,5080.4956,Europa,GRC,0.5615695839546283,0.0,0.40570758294292886
Greenland,0.05633333333333333,80.626,19.374,80.626,0.0,1637.1254444444446,8479.479111111112,Norteamérica,GRL,0.14675804711345267,0.0,1.2646461907550854
Grenada,0.10944444444444444,1.6578888888888887,98.34211111111111,1.6578888888888887,0.0,1839.9113333333335,1870.96,Norteamérica,GRD,0.744941477014599,0.0,0.026004550244691713
Guadeloupe,0.4015555555555556,12.929555555555556,87.07044444444445,12.929555555555556,0.0,3559.6673333333333,4088.397222222222,Norteamérica,GLP,0.6595586036939733,0.0,0.20280446979249353
Guam,0.16255555555555556,1.9225555555555556,98.07744444444444,1.9225555555555556,0.0,10264.086000000001,10465.374333333333,Oceanía,GUM,0.7429366270540319,0.0,0.030155936792701607
Guatemala,16.257555555555555,64.89644444444444,35.10355555555556,64.89644444444444,0.0,246.37955555555558,699.087,Norteamérica,GTM,0.26590942810322726,0.0,1.0179227700768445
Guinea,11.504333333333333,52.902,47.098,52.902,0.0,66.3338888888889,128.62011111111113,África,GIN,0.35676734298283236,0.0,0.8297858356277816
Guinea-Bissau,1.738888888888889,2.052777777777778,97.94722222222222,2.052777777777778,0.0,20.218333333333334,20.659333333333333,África,GNB,0.7419501937401005,0.0,0.03219851657199112
Guyana,0.7671111111111111,2.016,97.984,2.016,0.0,1270.1381111111111,1296.1365555555556,Sudamérica,GUY,0.7422287854012876,0.0,0.03162164463773785
Haiti,10.689444444444444,14.955111111111112,85.04488888888889,14.955111111111112,0.0,76.73088888888888,90.09266666666667,Norteamérica,HTI,0.6442150206624292,0.0,0.23457599656420658
Honduras,9.113777777777777,53.59733333333334,46.40266666666667,53.59733333333334,0.0,428.4237777777778,927.2661111111112,Norteamérica,HND,0.3515001930864306,0.0,0.8406923750977421
Hong Kong,7.202444444444445,0.19344444444444445,99.80655555555556,0.19344444444444445,0.0,4976.7191111111115,4986.206,Asia,HKG,0.756034643463077,0.0,0.00303424180524149
Hungary,9.783666666666667,59.7081,40.2919,10.7023,49.0058,1344.3844000000001,3323.0674,Europa,HUN,0.3052111364968785,6.775302517937487,0.1678692100230465
Iceland,0.33077777777777784,99.98444444444445,0.015555555555555557,99.98444444444445,0.0,8.536555555555557,55140.612555555555,Europa,ISL,0.00011783333101569903,0.0,1.5682899660336629
India,1309.4352213333334,21.8353,78.1647,18.6021,3.2331000000000003,692.2988,886.0115,Asia,IND,0.5920975908541806,0.4469926125222666,0.29178025581134087
Indonesia,258.1542222222222,13.58488888888889,86.41511111111112,13.58488888888889,0.0,750.7838888888889,870.9197777777778,Asia,IDN,0.6545944537916121,0.0,0.21308359567837198
Iran,78.61855555555556,7.6178,92.3822,6.1158,1.502,3175.2345,3440.4311000000002,Asia,IRN,0.6997951512359041,0.20765918283023854,0.0959283999382327
Iraq,35.296,5.160777777777778,94.83922222222222,5.160777777777778,0.0,1769.8577777777778,1860.0155555555555,Asia,IRQ,0.7184070942031638,0.0,0.08094855205517029
Ireland,4.693666666666667,27.8065,72.1935,27.8065,0.0,4387.2807999999995,6097.5606,Europa,IRL,0.5468657517438343,0.0,0.43615439564447295
Israel,7.991444444444444,2.076,97.924,2.076,0.0,7477.00611111111,7636.84488888889,Asia,ISR,0.7417742854102272,0.0,0.032562765013860996
Italy,60.34855555555555,37.6403,62.3597,37.6403,0.0,2976.991,4763.7875,Europa,ITA,0.47237471820897975,0.0,0.590400888223137
Jamaica,2.889222222222222,9.148222222222223,90.85177777777777,9.148222222222223,0.0,1266.284111111111,1394.3538888888888,Norteamérica,JAM,0.6882022031305896,0.0,0.143492972310599
Japan,127.85766666666667,22.3902,77.60979999999999,18.781,3.6094,6127.3351,7886.5678,Asia,JPN,0.5878942234368555,0.4990180123218795,0.29458636306614805
Jordan,9.09611111111111,4.386333333333333,95.61366666666667,4.386333333333333,0.0,1839.2614444444444,1925.0077777777778,Asia,JOR,0.7242735107544455,0.0,0.0688011279411363
Kazakhstan,17.54733333333333,10.3766,89.6234,10.3766,0.0,4751.8315,5300.8258000000005,Asia,KAZ,0.67889724164694,0.0,0.162760494914658
Kenya,47.87322222222222,79.83777777777777,20.162222222222223,79.83777777777777,0.0,38.39055555555555,194.63455555555555,África,KEN,0.15272883032934817,0.0,1.2522826575176451
Kiribati,0.1111111111111111,10.330333333333334,89.66966666666667,10.330333333333334,0.0,220.48333333333332,246.74777777777777,Oceanía,KIR,0.6792477116400466,0.0,0.16203478653573639
Kuwait,3.7696666666666667,0.06133333333333334,99.93866666666666,0.06133333333333334,0.0,16784.82677777778,16795.183222222222,Asia,KWT,0.7570353851100603,0.0,0.0009620341622592203
Kyrgyzstan,5.962111111111111,91.424,8.576,91.424,0.0,203.0787777777778,2417.230666666667,Asia,KGZ,0.06496319872225509,0.0,1.4340164877780484
Laos,6.749333333333333,82.95022222222222,17.049777777777777,82.95022222222222,0.0,720.8941111111112,3164.3976666666667,Asia,LAO,0.129152064126407,0.0,1.3011024056212779
Latvia,1.9985555555555554,56.7076,43.2924,56.7076,0.0,1345.2675,3132.232,Europa,LVA,0.32793992354983165,0.0,0.8894779640173526
Lebanon,6.299444444444444,3.474555555555556,96.52544444444445,3.474555555555556,0.0,2759.9811111111107,2860.1773333333335,Asia,LBN,0.7311802272852657,0.0,0.0544995838550871
Lesotho,2.0611111111111113,100.0,0.0,100.0,0.0,0.0,252.72444444444443,África,LSO,0.0,0.0,1.5685339602052504
Liberia,4.475333333333333,0.31855555555555554,99.68144444444445,0.31855555555555554,0.0,72.43255555555555,72.68566666666666,África,LBR,0.7550869268150507,0.0,0.004996652071009392
Libya,6.462444444444444,0.024333333333333332,99.97566666666665,0.024333333333333332,0.0,4937.003888888889,4938.189444444444,África,LBY,0.7573156601045475,0.0,0.0003816765969832776
Lithuania,2.9263333333333335,53.268600000000006,46.7314,53.268600000000006,0.0,605.1567,1256.3019,Europa,LTU,0.3539903480374524,0.0,0.8355360811258941
Luxembourg,0.5673333333333334,43.3258,56.6742,43.3258,0.0,1867.3220000000001,2702.6528,Europa,LUX,0.4293070565560668,0.0,0.6795798865306064
Madagascar,24.285777777777778,44.69677777777778,55.30322222222222,44.69677777777778,0.0,45.358,81.62544444444444,África,MDG,0.4189219000936632,0.0,0.7010841385619182
Malawi,16.764333333333337,91.23455555555556,8.765444444444446,91.23455555555556,0.0,10.254333333333333,120.13044444444444,África,MWI,0.06639824036069629,0.0,1.431044987331215
Malaysia,30.28822222222222,12.63011111111111,87.36988888888888,12.63011111111111,0.0,4118.003333333333,4726.648444444445,Asia,MYS,0.6618268953160256,0.0,0.19810758198943448
Maldives,0.45577777777777784,0.4555555555555555,99.54444444444444,0.4555555555555555,0.0,1120.7284444444444,1125.792222222222,Asia,MDV,0.7540491518354624,0.0,0.007145543596490584
Mali,17.503333333333334,52.55155555555555,47.44844444444445,52.55155555555555,0.0,75.16477777777777,154.45933333333335,África,MLI,0.35942195959728607,0.0,0.8242889955050178
Malta,0.43144444444444446,7.0952,92.9048,7.0952,0.0,4063.425,4326.9128,Europa,MLT,0.7037538461580415,0.0,0.11129062154448294
Martinique,0.381,2.7977777777777777,97.20222222222222,2.7977777777777777,0.0,3735.4872222222225,3846.745111111111,Norteamérica,MTQ,0.7363068188510986,0.0,0.04388409457552023
Mauritania,4.052888888888889,29.192888888888888,70.80711111111111,29.192888888888888,0.0,171.482,239.29277777777781,África,MRT,0.5363638561170601,0.0,0.4579003761872074
Mauritius,1.2597777777777777,21.80211111111111,78.19788888888888,21.80211111111111,0.0,1760.8767777777778,2251.8814444444447,África,MUS,0.5923489966825689,0.0,0.34197351681946
Mexico,121.76511111111111,20.1356,79.8644,16.5899,3.5458,1944.8867999999998,2434.7102999999997,Norteamérica,MEX,0.604972818100941,0.49022498700363504,0.26021821546409085
Moldova,4.066111111111111,6.086444444444444,93.91355555555555,6.086444444444444,0.0,1197.0704444444445,1273.847888888889,Europa,MDA,0.7113951693410795,0.0,0.0954679480801369
Mongolia,2.997777777777778,4.8538,95.1462,4.8538,0.0,1688.0587,1778.1172,Asia,MNG,0.7207324508240935,0.0,0.07613350136044243
Montenegro,0.6268888888888889,55.74944444444444,44.25055555555556,55.74944444444444,0.0,2162.0702222222226,5001.308222222222,Europa,MNE,0.3351979517404086,0.0,0.8744489687368703
Montserrat,0.005,0.0,100.0,0.0,0.0,3925.925888888889,3925.925888888889,Norteamérica,MSR,0.7574999851009222,0.0,0.0
Morocco,34.644888888888886,15.340222222222224,84.65977777777778,15.340222222222224,0.0,697.6771111111111,827.1425555555556,África,MAR,0.6412978040531405,0.0,0.2406165951265081
Mozambique,27.142333333333333,90.12611111111111,9.87388888888889,90.12611111111111,0.0,59.98044444444444,620.1696666666667,África,MOZ,0.07479470686221497,0.0,1.4136586597900953
Namibia,2.319777777777778,97.59633333333333,2.4036666666666666,97.59633333333333,0.0,15.070222222222222,618.6383333333333,África,NAM,0.018207774641875833,0.0,1.53083163224845
Nauru,0.010333333333333333,0.0,100.0,0.0,0.0,2721.8855555555556,2721.8855555555556,Oceanía,NRU,0.7574999851009222,0.0,0.0
Nepal,27.385444444444445,99.90511111111111,0.0948888888888889,99.90511111111111,0.0,0.12400000000000001,149.52766666666668,Asia,NPL,0.000718783319195764,0.0,1.5670455957585667
Netherlands,16.929333333333332,18.0553,81.9447,14.669599999999999,3.3857,5422.162200000001,6631.9520999999995,Europa,NLD,0.6207310902909954,0.4680903430814505,0.2300976578262694
New Caledonia,0.27055555555555555,15.024333333333333,84.97566666666665,15.024333333333333,0.0,8474.586888888889,9927.835444444445,Oceanía,NCL,0.6436906623394092,0.0,0.23566177062777083
New Zealand,4.608444444444444,79.998,20.002000000000002,79.998,0.0,1858.2076000000002,9257.996799999999,Oceanía,NZL,0.15151514701988647,0.0,1.2547957974849964
Nicaragua,6.223888888888889,52.80433333333333,47.19566666666666,52.80433333333333,0.0,320.2838888888889,682.2217777777778,Norteamérica,NIC,0.35750716796828086,0.0,0.8282539007933144
Niger,20.089,1.463,98.53699999999999,1.463,0.0,22.702333333333332,23.062555555555555,África,NER,0.7464177603188956,0.0,0.022947651837802813
Nigeria,181.44599644444443,20.411099999999998,79.5889,20.411099999999998,0.0,135.87460000000002,170.6504,África,NGA,0.6028859056419879,0.0,0.3201550351514538
Niue,0.002,0.0,100.0,0.0,0.0,1500.0,1500.0,Oceanía,NIU,0.7574999851009222,0.0,0.0
North Korea,25.177777777777777,76.99288888888888,23.00711111111111,76.99288888888888,0.0,153.36444444444444,655.8844444444444,Asia,PRK,0.1742788632388193,0.0,1.207659609165317
Norway,5.183,98.111,1.889,98.111,0.0,506.8066,26928.8234,Europa,NOR,0.01430917471855642,0.0,1.5389043536969733
Oman,4.195222222222222,0.0074444444444444445,99.99255555555555,0.0074444444444444445,0.0,6981.535444444445,6982.072777777777,Asia,OMN,0.7574435934353646,0.0,0.0001167686392597242
Pakistan,199.66033244444444,38.1531,61.846900000000005,32.795,5.3584000000000005,358.0959,579.9738,Asia,PAK,0.46849025828538227,0.7408262085736022,0.5144007122493119
Palestine,4.5456666666666665,0.03777777777777778,99.96222222222222,0.03777777777777778,0.0,94.61877777777778,94.6481111111111,Asia,PSE,0.7572138184398841,0.0,0.0005925572738553169
Panama,3.9719999999999995,66.893,33.107,66.893,0.0,788.7196666666666,2434.230555555556,Norteamérica,PAN,0.25078552006736227,0.0,1.0492394220000982
Papua New Guinea,8.115333333333332,27.236333333333334,72.76366666666667,27.236333333333334,0.0,334.5276666666666,459.2343333333334,Oceanía,PNG,0.5511847641588846,0.0,0.427211137848036
Paraguay,6.689,99.99611111111112,0.003888888888888889,99.99611111111112,0.0,0.3295555555555556,8647.857555555554,Sudamérica,PRY,2.9458332753924758e-05,0.0,1.5684729616623534
Peru,30.66388888888889,57.7494,42.2506,57.7494,0.0,640.5182,1520.7907,Sudamérica,PER,0.3200482887050502,0.0,0.9058189508147709
Philippines,101.98733333333332,25.849,74.151,25.849,0.0,598.4047,804.1582000000001,Asia,PHL,0.5616938139521849,0.0,0.4054503433734552
Poland,38.061,12.7917,87.2083,12.7917,0.0,3752.1411,4302.6687,Europa,POL,0.6606028595067674,0.0,0.20064215858757503
Portugal,10.383444444444445,51.2143,48.7857,51.2143,0.0,2496.9546,5119.3602,Europa,PRT,0.3695516702313806,0.0,0.8033136879813977
Puerto Rico,3.3174444444444444,4.257222222222222,95.74277777777779,4.257222222222222,0.0,5701.4508888888895,5981.054,Norteamérica,PRI,0.7252515274018758,0.0,0.06677597631696018
Qatar,2.5096666666666665,0.3211111111111111,99.67888888888889,0.3211111111111111,0.0,15168.512999999999,15217.057999999999,Asia,QAT,0.7550675684820982,0.0,0.0050367368277701935
Romania,19.886555555555553,55.973299999999995,44.0267,37.3332,18.6402,1371.9526,3123.5714,Europa,ROU,0.3335022459404277,2.5771029958669858,0.5855839204313465
Russia,144.89811022222224,35.581399999999995,64.4186,18.0368,17.5446,4542.1381,7052.3774,Europa,RUS,0.4879708854022226,2.425630691799869,0.28291333333430063
Rwanda,11.409666666666666,48.70088888888889,51.29911111111111,48.70088888888889,0.0,23.834777777777777,47.77788888888889,África,RWA,0.3885907590235722,0.0,0.7638899811440477
Saint Helena,0.005777777777777778,0.0,100.0,0.0,0.0,1402.469111111111,1402.469111111111,África,SHN,0.7574999851009222,0.0,0.0
Saint Kitts and Nevis,0.05111111111111111,3.7568888888888887,96.2431111111111,3.7568888888888887,0.0,3791.3483333333334,3939.4604444444444,Norteamérica,KNA,0.7290415523273306,0.0,0.05892807806939991
Saint Lucia,0.17933333333333332,0.31066666666666665,99.68933333333332,0.31066666666666665,0.0,2043.4184444444445,2049.849888888889,Norteamérica,LCA,0.7551466851472086,0.0,0.004872912169704311
Saint Pierre and Miquelon,0.006,1.4925555555555556,98.50744444444445,1.4925555555555556,0.0,7549.382888888888,7660.49388888889,Norteamérica,SPM,0.7461938769899659,0.0,0.023411240763819032
Saint Vincent and the Grenadines,0.10922222222222222,15.373555555555555,84.62644444444445,15.373555555555555,0.0,1071.0506666666668,1265.2025555555556,Norteamérica,VCT,0.6410453040581069,0.0,0.24113943977990981
Samoa,0.1928888888888889,30.846555555555558,69.15344444444445,30.846555555555558,0.0,438.7328888888889,635.3448888888888,Oceanía,WSM,0.5238373313634412,0.0,0.48383869944246827
Sao Tome and Principe,0.19955555555555557,8.924333333333333,91.07566666666668,8.924333333333333,0.0,342.4487777777778,375.6591111111111,África,STP,0.6898981614305656,0.0,0.13998119905525055
Saudi Arabia,31.513999999999996,0.02722222222222222,99.97277777777778,0.02722222222222222,0.0,10045.644222222221,10048.505777777777,Asia,SAU,0.7572937767716447,0.0,0.0004269898002780959
Senegal,14.614888888888888,11.075222222222223,88.92477777777778,11.075222222222223,0.0,233.30022222222226,262.38222222222225,África,SEN,0.6736051784176948,0.0,0.17371862172375416
Serbia,8.873,28.7959,71.2041,28.7959,0.0,2917.9487,4096.7842,Europa,SRB,0.5393710468912457,0.0,0.45167347064674374
Seychelles,0.09488888888888888,1.0203333333333333,98.97966666666667,1.0203333333333333,0.0,4326.803888888889,4372.333111111111,África,SYC,0.7497709602529424,0.0,0.016004274840627573
Sierra Leone,7.1787777777777775,68.674,31.325999999999997,68.674,0.0,8.909666666666666,28.39288888888889,África,SLE,0.23729444533271485,0.0,1.077175011831354
Singapore,5.5698888888888884,3.1572,96.8428,3.1572,0.0,8227.319099999999,8495.860400000001,Asia,SGP,0.7335841955713159,0.0,0.04952175419160017
Slovakia,5.434555555555556,78.1533,21.8467,22.743000000000002,55.410199999999996,1110.2078,5073.1888,Europa,SVK,0.16548874924504317,7.660743576870894,0.3567316785694801
Slovenia,2.0685555555555557,67.6322,32.3678,30.9135,36.718599999999995,2505.8460999999998,7762.003599999999,Europa,SVN,0.2451860801774963,5.076534268089478,0.4848887457880501
Solomon Islands,0.6041111111111112,5.444222222222222,94.55577777777778,5.444222222222222,0.0,149.98166666666668,158.63822222222223,Oceanía,SLB,0.7162600025787278,0.0,0.08539447442459651
Somalia,13.844666666666667,2.6202222222222225,97.37977777777778,2.6202222222222225,0.0,23.690555555555555,24.311444444444444,África,SOM,0.7376518021579779,0.0,0.04109907538840024
South Africa,55.33588888888889,8.6036,91.3964,3.0701,5.5334,3885.5114999999996,4246.097400000001,África,ZAF,0.6923277163827792,0.7650208537102811,0.048155561112261394
South Korea,50.67777777777778,30.937400000000004,69.0626,3.2709,27.6663,7121.353,10310.2702,Asia,KOR,0.5231491847103096,3.825007489970858,0.051305177304353536
South Sudan,10.594777777777777,0.486375,99.513625,0.486375,0.0,40.196222222222225,40.393,África,SSD,0.7538156945483876,0.0,0.007628957048948287
Spain,46.80433333333333,57.3116,42.6884,36.3737,20.938,2533.4610000000002,5918.8524,Europa,ESP,0.32336462363982205,2.8947855992673333,0.5705338370831772
Sri Lanka,20.88811111111111,42.333222222222226,57.666777777777774,42.333222222222226,0.0,361.8781111111111,626.4334444444444,Asia,LKA,0.43682583307484857,0.0,0.6640109670047114
Sudan,38.97477777777778,68.51866666666666,31.481333333333332,68.51866666666666,0.0,105.50133333333332,322.1691111111111,África,SDN,0.23847109530957164,0.0,1.0747385557465012
Suriname,0.5586666666666668,44.77577777777778,55.224222222222224,44.77577777777778,0.0,1888.589888888889,3406.3565555555556,Sudamérica,SUR,0.4183234751054335,0.0,0.7023232803904803
Sweden,9.759333333333334,97.6304,2.3696,58.5124,39.1182,387.71569999999997,16394.5112,Europa,SWE,0.017949719646951454,5.408291242203621,0.9177868649311369
Switzerland,8.275555555555556,98.8813,1.1187,62.507600000000004,36.3737,87.1785,7826.6629,Europa,CHE,0.008474152333324016,5.028850078902961,0.9804529337092572
Syria,18.487111111111112,7.188999999999999,92.81099999999999,7.188999999999999,0.0,1104.6375555555555,1195.311777777778,Asia,SYR,0.7030433111720169,0.0,0.11276190639915543
Taiwan,23.54222222222222,18.5083,81.49170000000001,4.8332,13.6751,8539.8051,10471.4403,Asia,TWN,0.6172996153584883,1.8906525240491314,0.07581038336464016
Tajikistan,8.478444444444444,96.8246,3.1754,96.8246,0.0,66.3515,2066.4397,Asia,TJK,0.02405365452689468,0.0,1.5187267328328928
Tanzania,51.63122222222222,35.84166666666667,64.15833333333333,35.84166666666667,0.0,77.73266666666667,121.03822222222223,África,TZA,0.48599936544100003,0.0,0.5621887135702318
Thailand,68.65422222222223,12.583499999999999,87.4165,12.583499999999999,0.0,2124.0724,2434.5672,Asia,THA,0.6621799744757476,0.0,0.19737647088242768
Togo,7.329444444444444,39.50544444444445,60.49455555555556,39.50544444444445,0.0,29.300555555555555,40.815,África,TGO,0.4582462493202024,0.0,0.6196563122411296
Tonga,0.10233333333333333,0.0,100.0,0.0,0.0,500.497,500.497,Oceanía,TON,0.7574999851009222,0.0,0.0
Trinidad and Tobago,1.3682222222222222,0.05122222222222222,99.94877777777778,0.05122222222222222,0.0,6534.323444444444,6537.649,Sudamérica,TTO,0.7571119767752205,0.0,0.0008034379507273559
Tunisia,11.198,2.9312,97.0688,2.9312,0.0,1566.8494,1614.7745,África,TUN,0.735296145537644,0.0,0.0459768674415363
Turkey,78.499,32.464999999999996,67.535,32.464999999999996,0.0,2187.1802,3253.3111,Asia,TUR,0.5115776149379078,0.0,0.5092245501806345
Turkmenistan,5.561333333333334,0.01411111111111111,99.9858888888889,0.01411111111111111,0.0,3502.2929999999997,3502.783111111111,Asia,TKM,0.757393093436358,0.0,0.00022133756994007422
Turks and Caicos Islands,0.03588888888888889,0.0,100.0,0.0,0.0,5810.810222222222,5810.810222222222,Norteamérica,TCA,0.7574999851009222,0.0,0.0
Uganda,38.52033333333333,89.3971111111111,10.60288888888889,89.3971111111111,0.0,9.043666666666667,90.967,África,UGA,0.08031688175360067,0.0,1.402224047220199
Ukraine,44.870777777777775,57.1829,42.817099999999996,6.9941,50.188900000000004,1547.8595,3578.1654000000003,Europa,UKR,0.3243395261206469,6.938872144572944,0.10970483371071542
United Arab Emirates,9.334888888888889,0.642888888888889,99.35711111111111,0.642888888888889,0.0,12176.820444444445,12261.303555555556,Asia,ARE,0.7526301018633733,0.0,0.010083930548608422
United Kingdom,65.83455555555555,44.0847,55.9153,24.537399999999998,19.5474,2894.7299,5114.4522,Europa,GBR,0.42355838916913596,2.7025280362555293,0.3848774519514031
United States,320.64910933333334,34.6743,65.32570000000001,15.2497,19.4246,8330.1672,12742.903,Norteamérica,USA,0.49484216776707324,2.6855503081253342,0.23919672332942007
United States Virgin Islands,0.10522222222222222,1.0106666666666666,98.98933333333333,1.0106666666666666,0.0,6359.174555555555,6420.879333333334,Norteamérica,VIR,0.7498441852515022,0.0,0.01585264989114106
Uruguay,3.4134444444444445,89.6651,10.334900000000001,89.6651,0.0,348.945,3825.6515,Sudamérica,URY,0.07828686596019523,0.0,1.406427543951998
Uzbekistan,30.952777777777776,11.749444444444444,88.25055555555555,11.749444444444444,0.0,1561.8791111111111,1769.5257777777779,Asia,UZB,0.6684979451848144,0.0,0.18429402624656022
Vanuatu,0.2712222222222222,14.765777777777778,85.23422222222221,14.765777777777778,0.0,202.82,237.7148888888889,Oceanía,VUT,0.6456492206342203,0.0,0.2316062389328846
Venezuela,29.423444444444442,63.62844444444444,36.37155555555555,63.62844444444444,0.0,1310.485111111111,3638.922222222222,Sudamérica,VEN,0.2755145279143069,0.0,0.9980337594614421
Vietnam,92.674,39.2149,60.7851,39.2149,0.0,1153.3342,1853.5089,Asia,VNM,0.46044712344358063,0.0,0.6150990239605287
Yemen,26.490333333333336,4.773555555555556,95.22644444444444,4.773555555555556,0.0,201.74844444444446,207.31133333333332,Asia,YEM,0.7213403024788045,0.0,0.07487483999815331
Zambia,15.902666666666667,93.67966666666666,6.320333333333333,93.67966666666666,0.0,56.09977777777778,861.2901111111111,África,ZMB,0.047876524058328616,0.0,1.4693973854737445
Zimbabwe,13.790222222222221,55.943000000000005,44.056999999999995,55.943000000000005,0.0,277.4428888888889,634.529,África,ZWE,0.33373176843591323,0.0,0.8774849533576233
